Розділ,№,Де відкрити,Що зробити,Що маєш побачити,Вийшло?,Якщо ні — коротко що сталось
0. Швидка перевірка — зроби це першою,1,Іконка додатку. Якщо додаток уже стоїть — спочатку видали його і постав знову.,Відкрий додаток.,"Спочатку на 1–2 секунди з’являється екран з авокадо, потім екран «Вітаємо в Bity» (не Головна).",,
0. Швидка перевірка — зроби це першою,2,Іконка додатку (перше налаштування вже пройдене).,Відкрий додаток.,"Спочатку екран з авокадо, потім одразу Головна з п’ятьма кнопками внизу.",,
0. Швидка перевірка — зроби це першою,3,Екран «Вітаємо в Bity».,"Натискай «Почати» / «Далі» на кожному екрані, заповни стать, вік, зріст, вагу, активність. На екрані плану натисни «Далі».",Відкривається Головна: кружечки калорій зверху і щоденник зі сніданком / обідом / вечерею.,,
0. Швидка перевірка — зроби це першою,4,"Головна, нижній ряд кнопок.","По черзі натисни всі 5 кнопок внизу: Головна, Рецепти, Bity AI, Прогрес, Нагороди.",Кожна вкладка відкривається. Додаток ніде не вилітає і не зависає.,,
0. Швидка перевірка — зроби це першою,5,Головна.,Натисни «+» біля щоденника → «Пошук». Знайди будь-який продукт (наприклад «яблуко») і натисни на нього. Додай в щоденник.,Страва з’явилась у Перекусах. Цифри на кружечках зверху змінилися.,,
0. Швидка перевірка — зроби це першою,6,Головна.,Натисни «+» → «Сканувати штрихкод». Наведи камеру на штрихкод пачки або натисни «Введіть штрихкод» і введи цифри. Потім «Додати».,"Відкривається картка продукту з калоріями, після «Додати» страва є в щоденнику.",,
0. Швидка перевірка — зроби це першою,7,Головна.,"Натисни «+» → «Сканувати їжу». Зроби фото страви, дочекайся результату, натисни «Додати».","Є результат з калоріями, страва з’явилась у Перекусах.",,
0. Швидка перевірка — зроби це першою,8,Головна.,"Натисни «+» → «Голосовий запис». Скажи «яблуко», натисни «Аналізувати», потім «Додати».","Є результат розпізнавання, страва з’явилась у щоденнику.",,
0. Швидка перевірка — зроби це першою,9,"Головна, блок Сніданок (спочатку додай туди будь-яку страву).",Натисни олівець біля Сніданку. Зміни порцію або видали рядок. Натисни «Зберегти».,На Головній сніданок оновився (інша кількість або страва зникла).,,
0. Швидка перевірка — зроби це першою,10,"Головна, блок «Вода».","Натисни + біля води, потім мінус. Натисни олівець біля склянки, постав 250, «Зберегти».",Скільки склянок намальовано — стільки ж показує лічильник мл.,,
0. Швидка перевірка — зроби це першою,11,Нижня кнопка «Bity AI».,Якщо побачиш великий екран «Почнімо» — натисни його. Потім натисни одну з підказок про харчування.,Помічник відповів текстом. Додаток не вилетів.,,
0. Швидка перевірка — зроби це першою,12,Нижня кнопка «Прогрес».,"Натисни записати вагу, постав число, «Зберегти».",Повертаєшся на Прогрес без червоної помилки.,,
0. Швидка перевірка — зроби це першою,13,Нижня кнопка «Прогрес».,"Натисни записати тренування, заповни і «Зберегти».",Повертаєшся без помилки. На Головній кружечок тренувань може трохи вирости.,,
0. Швидка перевірка — зроби це першою,14,Нижня кнопка «Нагороди».,Відкрий список і натисни будь-який значок.,Видно 12 значків. Після натискання відкривається картка з деталями.,,
0. Швидка перевірка — зроби це першою,15,Головна (спочатку додай будь-яку їжу).,Повністю закрий додаток: знизу вгору відкрий перелік програм і змахни картку вгору. Відкрий додаток знову.,"Їжа, яку записувала, на місці.",,
0. Швидка перевірка — зроби це першою,16,"Налаштування телефону → Екран і яскравість, потім додаток.",Увімкни темну тему і подивись Головну. Потім світлу. Якщо ще не проходила налаштування — і екран «Вітаємо в Bity».,Все читається. Немає білого тексту на білому фоні.,,
0. Швидка перевірка — зроби це першою,17,"Налаштування телефону → Основні → Мова і регіон = Українська, потім додаток.",Подивись Головну і (якщо є) екрани першого налаштування.,Тексти українською. Немає дивних написів на кшталт home.title.,,
0. Швидка перевірка — зроби це першою,18,"Нижня кнопка «Bity AI», поле внизу.","Напиши рівно так і надішли:
«На сніданок була вівсянка з чорницями і чорна кава.»","З’явилась картка, що їжу записано. На Головній ці страви в Сніданку.",,
0. Швидка перевірка — зроби це першою,19,"Нижня кнопка «Bity AI», поле внизу.","Напиши рівно так і надішли:
«запиши 500 мл води»
Якщо спитає підтвердження — натисни «Підтвердити».",На Головній вода збільшилась на 500 мл. Запит не можна просто ігнорувати без відповіді додатку.,,
0. Швидка перевірка — зроби це першою,20,"Головна, блок «Вода».",Постав об’єм склянки 150 мл і натисни +. Потім зміни об’єм на 330 мл і знову +. Потім натисни мінус.,Мінус знімає останні 330 мл. Перші 150 мл лишаються.,,
1. Відкриття додатку,21,Іконка додатку на телефоні,Відкрий додаток.,"Екран Bity, світлий годинник зверху екрана, автоперехід",,
1. Відкриття додатку,22,Іконка додатку на телефоні,Засічи час.,"Близько 1.6 с, не зависає",,
1. Відкриття додатку,23,Іконка додатку на телефоні,Видали додаток потім відкрий.,"Після заставки з авокадо екран «Вітаємо в Bity», не Головна",,
1. Відкриття додатку,24,Іконка додатку на телефоні,"Пройди перше налаштування, закрий, відкрий.",Після заставки з авокадо головні вкладки внизу,,
1. Відкриття додатку,25,Іконка додатку на телефоні,Подивись анімацію.,"Плавна зміна екрана, немає чорного кадру",,
1. Відкриття додатку,26,Іконка додатку на телефоні,Головна потім згорнути потім відкрий.,"Той самий таб, дані живі",,
1. Відкриття додатку,27,Іконка додатку на телефоні,"Відкрий шторка зліва зверху (ліхтарик, літак), повернутись.","Екран на місці, камера (якщо була) відновлюється або коректно зупиняється",,
1. Відкриття додатку,28,Іконка додатку на телефоні,3 рази підряд відкрити/повністю закрий.,Стабільно,,
2. Перше налаштування — привітання,29,Перший екран після встановлення додатку,Відкрий перший запуск.,"Заголовок, 3 пункти зі списку, рухома картинка авокадо, «Почати», дрібний текст внизу «Умовами та конфіденційністю»",,
2. Перше налаштування — привітання,30,Перший екран після встановлення додатку,Подивись першу появу.,"Нижній блок підʼїжджає, авокадо рухається",,
2. Перше налаштування — привітання,31,Перший екран після встановлення додатку,Натисни «Почати».,"Перехід на «Яка ваша ціль?», не перестрибує всі екрани одразу",,
2. Перше налаштування — привітання,32,Перший екран після встановлення додатку,Натисни дрібний текст внизу («Умовами та конфіденційністю»).,Посилання не відкриваються — так і має бути,,
2. Перше налаштування — привітання,33,Перший екран після встановлення додатку,На екран «Вітаємо в Bity».,Немає кнопки назад у цьому ланцюжку екранів,,
2. Перше налаштування — привітання,34,Перший екран після встановлення додатку,Система темна тема.,"Іконки/текст читабельні, картинка нормально виглядає і в темній темі",,
2. Перше налаштування — ціль,35,Екран «Яка ваша ціль?» (Схуднути / Підтримувати / Наростити),Подивись картки.,"Схуднути / Підтримувати вагу / Наростити м’язи, одна вибрана",,
2. Перше налаштування — ціль,36,Екран «Яка ваша ціль?» (Схуднути / Підтримувати / Наростити),Натисни кожну.,"Підсвітка однієї, «Далі» активний",,
2. Перше налаштування — ціль,37,Екран «Яка ваша ціль?» (Схуднути / Підтримувати / Наростити),Вибери Схуднути потім «Далі».,Екран «Оберіть свою стать»,,
2. Перше налаштування — ціль,38,Екран «Яка ваша ціль?» (Схуднути / Підтримувати / Наростити),«Назад».,Повернення на екран «Вітаємо в Bity»,,
2. Перше налаштування — стать,39,Екран «Оберіть свою стать»,"Подивись, що на екрані.",Чоловіча / Жіноча (інших немає),,
2. Перше налаштування — стать,40,Екран «Оберіть свою стать»,Жіноча потім «Далі».,«Скільки вам років?»,,
2. Перше налаштування — стать,41,Екран «Оберіть свою стать»,«Назад».,"«Яка ваша ціль?», попередній вибір збережений",,
2. Перше налаштування — вік,42,Екран з віком (барабан з цифрами),Покрути барабан з цифрами.,"13…100, за замовчуванням 25",,
2. Перше налаштування — вік,43,Екран з віком (барабан з цифрами),Постав 13 і 100 потім «Далі».,"Приймає, додаток не вилетів",,
2. Перше налаштування — вік,44,Екран з віком (барабан з цифрами),«Назад».,«Оберіть свою стать» збережений,,
2. Перше налаштування — зріст і вага,45,Екран зросту і ваги,Кнопка зверху: Метрична (см / кг).,"Зріст 120–220 cm, вага 30–200 kg",,
2. Перше налаштування — зріст і вага,46,Екран зросту і ваги,Кнопка зверху: Імперська (фт-дюйм / фунти).,"Зріст 48–84 in, вага 66–440 lb",,
2. Перше налаштування — зріст і вага,47,Екран зросту і ваги,Метрична (см / кг) потім Імперська (фт-дюйм / фунти) потім Метрична (см / кг).,"Значення перераховуються розумно, барабани з цифрами не порожні",,
2. Перше налаштування — зріст і вага,48,Екран зросту і ваги,«Далі».,Здоров’я,,
2. Перше налаштування — зріст і вага,49,Екран зросту і ваги,«Назад».,«Скільки вам років?» збережений,,
2. Перше налаштування — Здоров’я,50,Екран про Здоров’я,"Подивись, що на екрані.","3 пункти зі списку, «Далі», «Можливо пізніше», «Назад»",,
2. Перше налаштування — Здоров’я,51,Екран про Здоров’я,«Далі» потім дозволити Здоров’я.,"Системне вікно знизу Здоров’я, далі активність",,
2. Перше налаштування — Здоров’я,52,Екран про Здоров’я,Відхилити Здоров’я.,"Далі все працює, далі активність",,
2. Перше налаштування — Здоров’я,53,Екран про Здоров’я,Натисни «Можливо пізніше».,"Без запиту Здоров’я, одразу активність",,
2. Перше налаштування — Здоров’я,54,Екран про Здоров’я,«Далі» і одразу натискати ще.,Немає подвійного запиту / зависання (кнопка стає неактивною),,
2. Перше налаштування — Здоров’я,55,Екран про Здоров’я,«Назад».,Зріст і вага,,
2. Перше налаштування — активність і план,56,"Екран активності, потім екран «Ваш план»",Подивись картки.,4 варіанти: від «Сидячий» до «Спортивний»,,
2. Перше налаштування — активність і план,57,"Екран активності, потім екран «Ваш план»",«Далі» на активність.,"Вікно поверх екрана з рухомою картинкою, автоперехід на «Ваш план»",,
2. Перше налаштування — активність і план,58,"Екран активності, потім екран «Ваш план»",Подивись «Ваш план».,"Калорії, дата цілі, білки/жири/вуглеводи/вода, клітковина/цукор/натрій",,
2. Перше налаштування — активність і план,59,"Екран активності, потім екран «Ваш план»","Схуднути проти Наростити м’язи (перевір двічі: спочатку одну ціль, потім іншу).",Калорії Наростити м’язи вищі за Схуднути,,
2. Перше налаштування — активність і план,60,"Екран активності, потім екран «Ваш план»",Сидячий проти Спортивний.,Спортивний має вищу денну норму калорій,,
2. Перше налаштування — активність і план,61,"Екран активності, потім екран «Ваш план»",Мета Підтримувати вагу.,Особливий текст дати цілі (не «схуднення»),,
2. Перше налаштування — активність і план,62,"Екран активності, потім екран «Ваш план»",Натисни «Дізнатися більше».,Відкривається браузер з URL,,
2. Перше налаштування — активність і план,63,"Екран активності, потім екран «Ваш план»",«Назад».,Активність,,
2. Перше налаштування — активність і план,64,"Екран активності, потім екран «Ваш план»",«Далі» на «Ваш план».,Головні вкладки внизу. Повторне відкриття додатку вже не перше налаштування,,
2. Перше налаштування — активність і план,65,"Екран активності, потім екран «Ваш план»",Проведи пальцем горизонтально.,Сторінка не змінюється,,
2. Перше налаштування — активність і план,66,"Екран активності, потім екран «Ваш план»",З «Ваш план» назад до екрана «Вітаємо в Bity» і знову вперед.,"Дані/вибір не губляться безглуздо, план перераховується",,
3. П’ять кнопок внизу екрана,67,Нижній ряд з 5 кнопками,Подивись ряд кнопок внизу.,"5 іконок і підписів, вибрана вкладка підсвічена",,
3. П’ять кнопок внизу екрана,68,Нижній ряд з 5 кнопками,Вкладка Головна.,"Щоденник, кільця, вода, профіль справа, дата зліва",,
3. П’ять кнопок внизу екрана,69,Нижній ряд з 5 кнопками,Вкладка Прогрес.,"Заголовок, 3 кнопки: вага / тренування / фото",,
3. П’ять кнопок внизу екрана,70,Нижній ряд з 5 кнопками,Відкрий Bity AI на чистому додатку (помічника ще не відкривала).,"Перший екран помічника, не одразу чат",,
3. П’ять кнопок внизу екрана,71,Нижній ряд з 5 кнопками,"«Почнімо» на перший екран помічника, вийти з додатку, зайти в AI.",Одразу чат,,
3. П’ять кнопок внизу екрана,72,Нижній ряд з 5 кнопками,Вкладка Рецепти.,"Майже порожній екран, лише назва (фон + великий заголовок). Не каталог рецептів",,
3. П’ять кнопок внизу екрана,73,Нижній ряд з 5 кнопками,Вкладка Нагороди.,Картка рівня + сітка значків,,
3. П’ять кнопок внизу екрана,74,Нижній ряд з 5 кнопками,Головна потім «Пошук» потім «Назад».,"Повернення на Головну, ряд кнопок внизу знову видно",,
3. П’ять кнопок внизу екрана,75,Нижній ряд з 5 кнопками,Відкрий штрихкод/фото/пошук.,Ряд кнопок внизу сховано (нижній ряд ховається),,
3. П’ять кнопок внизу екрана,76,Нижній ряд з 5 кнопками,Натискай всі вкладки внизу 10 разів.,Немає вильоту і білого екрана,,
3. П’ять кнопок внизу екрана,77,Нижній ряд з 5 кнопками,AI потім Головна потім AI.,Стан чату збережений,,
4. Головна — кружечки калорій зверху,78,"Головна, верхні картки з кружечками",Свайп вліво/вправо.,"3 картки, крапки під картками рухаються разом зі свайпом",,
4. Головна — кружечки калорій зверху,79,"Головна, верхні картки з кружечками","Новий день, нічого не зʼїдено.","Їжа 0, залишок калорій = ціль, кільце 0%",,
4. Головна — кружечки калорій зверху,80,"Головна, верхні картки з кружечками",Запиши ~400 ккал.,"Їжа і залишок калорій оновились, % кільця зріс",,
4. Головна — кружечки калорій зверху,81,"Головна, верхні картки з кружечками",Запиши більше цілі.,"Залишок калорій 0 або негатив коректно, кільце 100%+ без артефактів",,
4. Головна — кружечки калорій зверху,82,"Головна, верхні картки з кружечками",Відкрий 2-гу картку.,Білки/вуглеводи/жири кільця + клітковина/цукор/сіль,,
4. Головна — кружечки калорій зверху,83,"Головна, верхні картки з кружечками",Немає тренувань.,Тренування 0,,
4. Головна — кружечки калорій зверху,84,"Головна, верхні картки з кружечками",Запиши тренування з ккал.,Тренування зріс,,
4. Головна — кружечки калорій зверху,85,"Головна, верхні картки з кружечками",Подивись лівий великий заголовок.,"«Сьогодні, …» або локалізована сьогоднішня дата",,
4. Головна — кружечки калорій зверху,86,"Головна, верхні картки з кружечками",Шукати стрілки/календар на Головній.,Так і має бути: цього екрана / кнопки немає щоденник завжди сьогодні,,
4. Головна — кружечки калорій зверху,87,"Головна, верхні картки з кружечками",Натисни іконка людини справа.,Так і має бути: цього екрана / кнопки немає Налаштування не відкривається,,
4. Головна — кружечки калорій зверху,88,"Головна, верхні картки з кружечками","Запиши їжу з іншого ланцюжок екранів, повернутись.",Картки оновились без потягнути список вниз,,
4. Головна — кружечки калорій зверху,89,"Головна, верхні картки з кружечками",Темна тема режим.,"Фон, картки, кільця, текст читабельні",,
"4. Головна — сніданок, обід, вечеря",90,"Головна, блоки Сніданок / Обід / Перекуси / Вечеря",Новий день.,"Картки є, список продуктів схований (не «пляшка» 16pt)",,
"4. Головна — сніданок, обід, вечеря",91,"Головна, блоки Сніданок / Обід / Перекуси / Вечеря",Запиши їжу.,"Назва, порція/ккал, фото якщо є",,
"4. Головна — сніданок, обід, вечеря",92,"Головна, блоки Сніданок / Обід / Перекуси / Вечеря",3 позиції в Обід.,"Усі рядки, сума ккал картки = сумі рядків",,
"4. Головна — сніданок, обід, вечеря",93,"Головна, блоки Сніданок / Обід / Перекуси / Вечеря",Натисни по рядку (з’їдено).,Позначка «з’їдено»/зʼїдено. Повторний натисни знімає,,
"4. Головна — сніданок, обід, вечеря",94,"Головна, блоки Сніданок / Обід / Перекуси / Вечеря",Є 2+ незʼїдених потім кнопка.,Усі стають з’їдено,,
"4. Головна — сніданок, обід, вечеря",95,"Головна, блоки Сніданок / Обід / Перекуси / Вечеря",Немає незʼїдених потім кнопка.,"Нічого не змінюється — так і має бути, додаток не вилетів",,
"4. Головна — сніданок, обід, вечеря",96,"Головна, блоки Сніданок / Обід / Перекуси / Вечеря",Олівець Сніданок.,Шита екран зі списком страв (олівець) цього прийому,,
"4. Головна — сніданок, обід, вечеря",97,"Головна, блоки Сніданок / Обід / Перекуси / Вечеря",Олівець на порожній Вечеря.,"Екран зі списком страв (олівець) відкривається, картка їжі схована",,
"4. Головна — сніданок, обід, вечеря",98,"Головна, блоки Сніданок / Обід / Перекуси / Вечеря",+ будь-який метод.,"Новий запис саме в Перекуси, не в Сніданок",,
"4. Головна — сніданок, обід, вечеря",99,"Головна, блоки Сніданок / Обід / Перекуси / Вечеря",Продукт з дуже довгим імʼям.,"Назва обрізається, розташування не ламається",,
"4. Головна — сніданок, обід, вечеря",100,"Головна, блоки Сніданок / Обід / Перекуси / Вечеря",Якщо вдалось запиши 0 ккал.,"Рядок є, кільце не дивна помилка замість числа",,
5. Вода на Головній,101,"Головна, блок з водою і склянками",Новий день.,"0 / ціль, склянки порожні",,
5. Вода на Головній,102,"Головна, блок з водою і склянками",Натисни +.,"+1 склянка, лічильник + обʼєм склянки",,
5. Вода на Головній,103,"Головна, блок з водою і склянками",Є вода потім −.,Мінус остання склянка,,
5. Вода на Головній,104,"Головна, блок з водою і склянками",0 води потім −.,Нічого не змінюється — так і має бути,,
5. Вода на Головній,105,"Головна, блок з водою і склянками",Додавати до цілі.,Склянки частково/повністю заповнюються (8 слотів),,
5. Вода на Головній,106,"Головна, блок з водою і склянками",Додати більше за ціль.,"Лічильник > цілі, додаток не вилетів",,
5. Вода на Головній,107,"Головна, блок з водою і склянками",Олівець на воді.,"Шит: поле, чіпи 150/200/250/330, «Зберегти», «Закрити»",,
5. Вода на Головній,108,"Головна, блок з водою і склянками",Натисни 250 потім «Зберегти».,Нова склянка = 250 ml (перевірити наступним +),,
5. Вода на Головній,109,"Головна, блок з водою і склянками",Ввести 180 потім «Зберегти».,Склянка 180,,
5. Вода на Головній,110,"Головна, блок з водою і склянками",Ввести літери.,Не вводяться,,
5. Вода на Головній,111,"Головна, блок з водою і склянками",Натисни поле.,"Виділено все, зручно перезаписати",,
5. Вода на Головній,112,"Головна, блок з водою і склянками",Зняти фокус.,"Показує локалізований формат з ml, не 150ml всередині під час вводу",,
5. Вода на Головній,113,"Головна, блок з водою і склянками",Очистити потім «Зберегти».,"Шит не закривається, значення не 0",,
5. Вода на Головній,114,"Головна, блок з водою і склянками",Зміни чіп потім «Закрити».,Старий обʼєм лишився,,
5. Вода на Головній,115,"Головна, блок з водою і склянками",Натисни очистити.,"Поле порожнє, клавіатура відкрита",,
5. Вода на Головній,116,"Головна, блок з водою і склянками",Перший + за сесію.,"Плавне наповнення, не стрибок",,
6. Кнопка «+» біля щоденника,117,"Головна, кнопка + біля щоденника",+ на щоденнику.,"Шит ~260pt, сіра рисочка зверху вікна, 4 картки, «Закрити»",,
6. Кнопка «+» біля щоденника,118,"Головна, кнопка + біля щоденника",«Закрити» / свайп вниз.,"Дізміс, Головна на місці",,
6. Кнопка «+» біля щоденника,119,"Головна, кнопка + біля щоденника",Натисни «Сканувати їжу».,Камера фото страви,,
6. Кнопка «+» біля щоденника,120,"Головна, кнопка + біля щоденника",Натисни «Сканувати штрихкод».,Камера штрихкоду,,
6. Кнопка «+» біля щоденника,121,"Головна, кнопка + біля щоденника",Натисни «Пошук».,"Екран пошуку, клавіатура",,
6. Кнопка «+» біля щоденника,122,"Головна, кнопка + біля щоденника",Натисни «Голосовий запис».,Екран голосу,,
6. Кнопка «+» біля щоденника,123,"Головна, кнопка + біля щоденника",Шукати «type їжа» у вікні знизу.,Так і має бути: цього екрана / кнопки немає,,
6. Кнопка «+» біля щоденника,124,"Головна, кнопка + біля щоденника",Обрати метод.,"Шит закривається, відкривається ланцюжок екранів",,
7. Сканування штрихкоду,125,Камера штрихкоду (з Головної: + → «Сканувати штрихкод»),Дозволити Камера.,"Превʼю, рамка, смужка сканування, підказка",,
7. Сканування штрихкоду,126,Камера штрихкоду (з Головної: + → «Сканувати штрихкод»),Не дозволяти.,"Зрозуміла помилка, немає чорного зависання",,
7. Сканування штрихкоду,127,Камера штрихкоду (з Головної: + → «Сканувати штрихкод»),Навести на штрихкод/UPC.,Напис «Розпізнавання...» потім напис «Страву розпізнано» потім картка продукту з калоріями,,
7. Сканування штрихкоду,128,Камера штрихкоду (з Головної: + → «Сканувати штрихкод»),Не рухати після скану.,Не спамить десятками екранів,,
7. Сканування штрихкоду,129,Камера штрихкоду (з Головної: + → «Сканувати штрихкод»),"Код, якого немає в базі.","Повідомлення помилки в підказка, можна сканувати далі",,
7. Сканування штрихкоду,130,Камера штрихкоду (з Головної: + → «Сканувати штрихкод»),Натисни ліхтарик.,Ліхтар on/вимкнено,,
7. Сканування штрихкоду,131,Камера штрихкоду (з Головної: + → «Сканувати штрихкод»),Галерея потім фото з кодом.,«Знайти» як зі скану,,
7. Сканування штрихкоду,132,Камера штрихкоду (з Головної: + → «Сканувати штрихкод»),Фото без коду.,"Помилка, камера жива",,
7. Сканування штрихкоду,133,Камера штрихкоду (з Головної: + → «Сканувати штрихкод»),Відкрий вікно вибору потім «Скасувати».,Камера не зламалась,,
7. Сканування штрихкоду,134,Камера штрихкоду (з Головної: + → «Сканувати штрихкод»),Натисни Enter manually.,Шит з полем і «Знайти»,,
7. Сканування штрихкоду,135,Камера штрихкоду (з Головної: + → «Сканувати штрихкод»),«Знайти» на порожньому.,«Знайти» неактивний / помилка,,
7. Сканування штрихкоду,136,Камера штрихкоду (з Головної: + → «Сканувати штрихкод»),Ввести 123.,Помилка помилка «не знайдено»,,
7. Сканування штрихкоду,137,Камера штрихкоду (з Головної: + → «Сканувати штрихкод»),Реальний штрихкод потім «Знайти».,Картка продукту з калоріями,,
7. Сканування штрихкоду,138,Камера штрихкоду (з Головної: + → «Сканувати штрихкод»),«Закрити» на вікні знизу.,Повернення до камери,,
7. Сканування штрихкоду,139,Камера штрихкоду (з Головної: + → «Сканувати штрихкод»),«Закрити».,Повернення назад на Головній,,
7. Сканування штрихкоду,140,Камера штрихкоду (з Головної: + → «Сканувати штрихкод»),Кнопка зверху: фото страви.,"Заміна на фото-камеру, без подвійного стека",,
7. Сканування штрихкоду,141,Камера штрихкоду (з Головної: + → «Сканувати штрихкод»),Кнопка зверху: «Пошук».,Екран пошуку,,
7. Сканування штрихкоду,142,Камера штрихкоду (з Головної: + → «Сканувати штрихкод»),Кнопка зверху: «Голосовий запис».,Екран голосу,,
7. Сканування штрихкоду,143,Камера штрихкоду (з Головної: + → «Сканувати штрихкод»),Режим польоту (без інтернету) потім скан.,"Помилка пошук продукту, не додаток вилетів",,
7. Сканування штрихкоду,144,Камера штрихкоду (з Головної: + → «Сканувати штрихкод»),Подивись підказку.,Текст є; пейвол не блокує скан,,
7. Сканування штрихкоду,145,Камера штрихкоду (з Головної: + → «Сканувати штрихкод»),Тримати зручно.,Рамка і рамка поверх камери не розʼїжджаються,,
8. Фото страви,146,Камера фото страви (з Головної: + → «Сканувати їжу»),Перший захід.,"Системний промпт, далі превʼю",,
8. Фото страви,147,Камера фото страви (з Головної: + → «Сканувати їжу»),Натисни у рамці / кнопка зйомки.,Напис «Розпізнавання...» потім напис «Страву розпізнано» потім результат вікно знизу,,
8. Фото страви,148,Камера фото страви (з Головної: + → «Сканувати їжу»),Після аналізу.,"Назва, оцінка, ккал, Б/Ж/В, «Додати», Деталі",,
8. Фото страви,149,Камера фото страви (з Головної: + → «Сканувати їжу»),«Додати».,Екран «додати в щоденник» запис (або лог) і шлях до Головна,,
8. Фото страви,150,Камера фото страви (з Головної: + → «Сканувати їжу»),Деталі.,Картка продукту з калоріями,,
8. Фото страви,151,Камера фото страви (з Головної: + → «Сканувати їжу»),«Закрити» на вікні знизу.,Знову звичайний стан/камера,,
8. Фото страви,152,Камера фото страви (з Головної: + → «Сканувати їжу»),Галерея потім фото їжі.,Той самий аналіз,,
8. Фото страви,153,Камера фото страви (з Головної: + → «Сканувати їжу»),Фото стіни.,"Помилка аналізу в статусі, не додаток вилетів",,
8. Фото страви,154,Камера фото страви (з Головної: + → «Сканувати їжу»),Закрити камеру системно / немає камери (симулятор).,Повідомлення помилки,,
8. Фото страви,155,Камера фото страви (з Головної: + → «Сканувати їжу»),Ліхтарик.,Увімкнено / вимкнено,,
8. Фото страви,156,Камера фото страви (з Головної: + → «Сканувати їжу»),«Закрити».,Головна,,
8. Фото страви,157,Камера фото страви (з Головної: + → «Сканувати їжу»),Кнопка зверху: «Сканувати штрихкод»/«Пошук»/«Голосовий запис».,Коректна заміна ланцюжок екранів,,
8. Фото страви,158,Камера фото страви (з Головної: + → «Сканувати їжу»),Під час йде розпізнавання.,"Лінія вниз-вгору ~1.5 с, плавно зникає по краях",,
8. Фото страви,159,Камера фото страви (з Головної: + → «Сканувати їжу»),Режим польоту (без інтернету) потім зйомка.,Помилка аналізу,,
8. Фото страви,160,Камера фото страви (з Головної: + → «Сканувати їжу»),Після помилки зняти ще раз.,Новий аналіз стартує,,
9. Запис голосом,161,Екран голосу (з Головної: + → «Голосовий запис»),Перший запис потім Дозволити.,"Слухає, смужка звуку",,
9. Запис голосом,162,Екран голосу (з Головної: + → «Голосовий запис»),Не дозволяти.,Помилка мікрофона в статусі,,
9. Запис голосом,163,Екран голосу (з Головної: + → «Голосовий запис»),Наговорити страву потім стоп.,"Текст з голосу у полі, фаза recorded",,
9. Запис голосом,164,Екран голосу (з Головної: + → «Голосовий запис»),Виправити текст.,"«Аналізувати» активний, якщо не порожньо",,
9. Запис голосом,165,Екран голосу (з Головної: + → «Голосовий запис»),Стерти все потім «Аналізувати».,Не стартує,,
9. Запис голосом,166,Екран голосу (з Головної: + → «Голосовий запис»),«Аналізувати» валідний текст.,"Result вікно знизу, «Додати» / Деталі",,
9. Запис голосом,167,Екран голосу (з Головної: + → «Голосовий запис»),«asdfgh» / offline.,Помилка в статусі,,
9. Запис голосом,168,Екран голосу (з Головної: + → «Голосовий запис»),Як у фото.,Екран «додати в щоденник» / картка продукту з калоріями,,
9. Запис голосом,169,Екран голосу (з Головної: + → «Голосовий запис»),Очистити.,Повернення в звичайний стан,,
9. Запис голосом,170,Екран голосу (з Головної: + → «Голосовий запис»),«Назад».,"Головна, запис зупинений",,
9. Запис голосом,171,Екран голосу (з Головної: + → «Голосовий запис»),Згорни під час йде слухання.,Додаток не вилетів; запис коректно зупиняється або відновлюється,,
10. Пошук продукту,172,Екран пошуку (з Головної: + → «Пошук»),«Пошук».,"Поле, мікрофон, блок помічника, список результатів",,
10. Пошук продукту,173,Екран пошуку (з Головної: + → «Пошук»),Нічого не вводити / стерти.,Списки порожні,,
10. Пошук продукту,174,Екран пошуку (з Головної: + → «Пошук»),«курка».,Suggested (до 2) + список результатів,,
10. Пошук продукту,175,Екран пошуку (з Головної: + → «Пошук»),Друкувати швидко.,Немає запиту на кожну літеру; стабільний результат,,
10. Пошук продукту,176,Екран пошуку (з Головної: + → «Пошук»),«zzzzzxq».,"Порожньо, додаток не вилетів",,
10. Пошук продукту,177,Екран пошуку (з Головної: + → «Пошук»),Натисни продукт.,"Лог у Перекуси, повернення на Головну, кільця оновились",,
10. Пошук продукту,178,Екран пошуку (з Головної: + → «Пошук»),Мікрофон потім сказати продукт.,"Текст у полі, пошук виконується",,
10. Пошук продукту,179,Екран пошуку (з Головної: + → «Пошук»),Очистити.,Поле і списки порожні,,
10. Пошук продукту,180,Екран пошуку (з Головної: + → «Пошук»),«Назад».,Головна,,
10. Пошук продукту,181,Екран пошуку (з Головної: + → «Пошук»),Режим польоту (без інтернету) потім запит.,"Порожні результати / помилка, не додаток вилетів",,
10. Пошук продукту,182,Екран пошуку (з Головної: + → «Пошук»),Екран зі списком страв (олівець) + потім «Пошук» потім натисни.,Продукт додається в цей прийом (не обовʼязково Перекуси),,
10. Пошук продукту,183,Екран пошуку (з Головної: + → «Пошук»),Запит з багатьма результатами.,"Скрол плавний, картинки не валять гальмування картинки",,
10. Пошук продукту,184,Екран пошуку (з Головної: + → «Пошук»),Продукт без фото.,"Плейсхолдер, розташування живий",,
11. Картка продукту,185,Картка знайденого продукту,Відкрий з штрихкоду/фото.,"Фото, назва, оцінка, склад (білки, жири, вуглеводи), інгредієнти (якщо є)",,
11. Картка продукту,186,Картка знайденого продукту,Натисни інфо по оцінка.,Вікно з повідомленням з поясненням,,
11. Картка продукту,187,Картка знайденого продукту,Поділитися.,Системний share вікно знизу,,
11. Картка продукту,188,Картка знайденого продукту,«Додати».,Екран «додати в щоденник» запис,,
11. Картка продукту,189,Картка знайденого продукту,Якщо є підказка.,Альтернатива йде в екран «додати в щоденник»,,
11. Картка продукту,190,Картка знайденого продукту,Продукт без альтернативи.,Блок підказка схований,,
11. Картка продукту,191,Картка знайденого продукту,Зроби так: Немає інгредієнтів.,Секція ingredients схована,,
11. Картка продукту,192,Картка знайденого продукту,«Назад».,Попередній екран (камера/пошук),,
11. Екран «додати в щоденник»,193,Екран додавання в щоденник (після продукту),Відкрити.,"Порції 1, прийом можна змінити, дата сьогодні",,
11. Екран «додати в щоденник»,194,Екран додавання в щоденник (після продукту),Сніданок / Обід / Перекуси / Вечеря.,"Вибраний чіп, лог у цей прийом",,
11. Екран «додати в щоденник»,195,Екран додавання в щоденник (після продукту),Натискай +.,"1 потім 2 потім … склад (білки, жири, вуглеводи) множаться",,
11. Екран «додати в щоденник»,196,Екран додавання в щоденник (після продукту),На 1 натисни −.,Не йде нижче 1,,
11. Екран «додати в щоденник»,197,Екран додавання в щоденник (після продукту),Дотиснути до 99.,Стоп на 99,,
11. Екран «додати в щоденник»,198,Екран додавання в щоденник (після продукту),Зміни грами.,Ккал перераховуються,,
11. Екран «додати в щоденник»,199,Екран додавання в щоденник (після продукту),Якщо продукт у мл.,Парситься мл,,
11. Екран «додати в щоденник»,200,Екран додавання в щоденник (після продукту),«випадкові літери».,Відкат до попередньої,,
11. Екран «додати в щоденник»,201,Екран додавання в щоденник (після продукту),Зміни дата потім вчора потім Вибрати.,Значок дати оновився; запис у вчора (на Головній сьогодні його не буде),,
11. Екран «додати в щоденник»,202,Екран додавання в щоденник (після продукту),Завтра.,Дата приймається (барабан з цифрами без min/max),,
11. Екран «додати в щоденник»,203,Екран додавання в щоденник (після продукту),«Закрити» без Вибрати.,Дата не змінена,,
11. Екран «додати в щоденник»,204,Екран додавання в щоденник (після продукту),Зміни рядок інгредієнта.,Оновлюється,,
11. Екран «додати в щоденник»,205,Екран додавання в щоденник (після продукту),Стерти рядок.,Інгредієнт видаляється,,
11. Екран «додати в щоденник»,206,Екран додавання в щоденник (після продукту),«Додати».,Вікно з повідомленням «додано до цього прийому» потім OK потім Головна,,
11. Екран «додати в щоденник»,207,Екран додавання в щоденник (після продукту),(якщо є).,"Вікно з повідомленням з текстом, не тихий не спрацює",,
11. Екран «додати в щоденник»,208,Екран додавання в щоденник (після продукту),«Назад».,Нічого не залогувалось,,
12. Олівець біля сніданку / обіду,209,Головна → олівець біля прийому,Олівець на прийомі з 2+ позиціями.,"Список, порції, AI-поле, куди писати, «Зберегти», «Закрити», +",,
12. Олівець біля сніданку / обіду,210,Головна → олівець біля прийому,Олівець на порожньому.,"Картка «їжу записано» схована, поле, куди писати є",,
12. Олівець біля сніданку / обіду,211,Головна → олівець біля прийому,Зміни г і закрити клавіатуру.,Головна після «Зберегти» показує нові ккал,,
12. Олівець біля сніданку / обіду,212,Головна → олівець біля прийому,Видали на рядку.,"Рядок зникає, сума ккал Головна зменшилась",,
12. Олівець біля сніданку / обіду,213,Головна → олівець біля прийому,Видали всі.,"Картка «їжу записано» ховається, Головна порожній прийом",,
12. Олівець біля сніданку / обіду,214,Головна → олівець біля прийому,+ потім «Пошук» потім продукт.,Зʼявляється в цьому прийомі,,
12. Олівець біля сніданку / обіду,215,Головна → олівець біля прийому,Зміни порцію потім «Закрити».,"Перевірити, що збережене (персиститься до «Зберегти») — поведінка має бути передбачувана, без «привиду»",,
12. Олівець біля сніданку / обіду,216,Головна → олівець біля прийому,«замінити курка with turkey» потім «Надіслати».,"Сканувальна анімація, позиція оновлюється",,
12. Олівець біля сніданку / обіду,217,Головна → олівець біля прийому,Плюс потім галерея потім фото потім «Надіслати».,Аналіз/заміна проходить,,
12. Олівець біля сніданку / обіду,218,Головна → олівець біля прийому,"Мікрофон у поле, куди писатиі.",Транскрипт у полі,,
12. Олівець біля сніданку / обіду,219,Головна → олівець біля прийому,Без інтернету «Надіслати».,Додаток не вилетів; (зараз може не бути спливаючого напису — нотувати),,
12. Олівець біля сніданку / обіду,220,Головна → олівець біля прийому,Під час AI надіслати.,"Лінія по цільових рядках, плавно зникає по краях, loop 1.5 с",,
12. Олівець біля сніданку / обіду,221,Головна → олівець біля прийому,"Фокус у поле, куди писатиі.","Текст внизу піднімається, список не перекритий",,
12. Олівець біля сніданку / обіду,222,Головна → олівець біля прийому,Свайп вікна знизу вниз.,Закривається,,
13. Помічник Bity AI — перший екран,223,Нижня кнопка «Bity AI» (вперше),Новий юзер / після реінсталу.,"Перший екран помічника: превʼю чату, 4 capability, CTA",,
13. Помічник Bity AI — перший екран,224,Нижня кнопка «Bity AI» (вперше),"Подивись, що на екрані.","Chat, пам’ять, recipes, insights",,
13. Помічник Bity AI — перший екран,225,Нижня кнопка «Bity AI» (вперше),«Почнімо».,"Чат, перший екран помічника більше не показується",,
13. Помічник Bity AI — перший екран,226,Нижня кнопка «Bity AI» (вперше),«Почнімо» потім інший вкладка потім AI.,Чат,,
13. Помічник Bity AI — листування,227,Чат Bity AI,Порожня історія.,Вітальне повідомлення асистента,,
13. Помічник Bity AI — листування,228,Чат Bity AI,Напиши питання потім «Надіслати».,Користувач хмарка повідомлення + відповідь,,
13. Помічник Bity AI — листування,229,Чат Bity AI,Порожнє поле.,«Надіслати» неактивний / ігнор,,
13. Помічник Bity AI — листування,230,Чат Bity AI,Тап.,"Відправляється промпт, відповідь про склад (білки, жири, вуглеводи)",,
13. Помічник Bity AI — листування,231,Чат Bity AI,Тап.,Відповідь про прийоми,,
13. Помічник Bity AI — листування,232,Чат Bity AI,Тап.,Пропозиції замін,,
13. Помічник Bity AI — листування,233,Чат Bity AI,Мікрофон потім мова.,Текст у полі (ще не обовʼязково автоsend),,
13. Помічник Bity AI — листування,234,Чат Bity AI,Плюс.,Меню Камера / галерея / Файли,,
13. Помічник Bity AI — листування,235,Чат Bity AI,Камера потім фото.,"Повідомлення з фото, відповідь",,
13. Помічник Bity AI — листування,236,Чат Bity AI,Якщо це не справжній телефон — пропусти цей рядок без камери.,Вікно з повідомленням камера недоступна,,
13. Помічник Bity AI — листування,237,Чат Bity AI,Галерея.,Фото в чаті,,
13. Помічник Bity AI — листування,238,Чат Bity AI,Файли потім картинка.,Приймає фото,,
13. Помічник Bity AI — листування,239,Чат Bity AI,Файл PDF.,"Помилка повідомлення, що це не фото",,
13. Помічник Bity AI — листування,240,Чат Bity AI,Натисни поза меню / закрити кнопка.,Меню закрилось,,
13. Помічник Bity AI — листування,241,Чат Bity AI,Попросити запиши їжу і підтвердити.,"Картка в чаті, їжа на Головній",,
13. Помічник Bity AI — листування,242,Чат Bity AI,«скасувати запис» на картці на картці.,Запис зникає з Головна,,
13. Помічник Bity AI — листування,243,Чат Bity AI,«Застосувати» на заміна страви.,"Їжа замінена, очки нагород заміна страви можливий",,
13. Помічник Bity AI — листування,244,Чат Bity AI,«ще варіанти».,Додаткові опції / навігація додаток не вилетів,,
13. Помічник Bity AI — листування,245,Чат Bity AI,Якщо прийшла картка рецепта.,Лог у щоденник,,
13. Помічник Bity AI — листування,246,Чат Bity AI,Попросити додати воду.,Вікно з повідомленням «Підтвердити»/«Скасувати»; «Підтвердити» потім вода на Головній,,
13. Помічник Bity AI — листування,247,Чат Bity AI,«Скасувати».,Вода не додалась,,
13. Помічник Bity AI — листування,248,Чат Bity AI,Режим польоту (без інтернету) потім «Надіслати».,"Система повідомлення / не спрацюєed, поле, куди писати знову доступний",,
13. Помічник Bity AI — листування,249,Чат Bity AI,Друкувати.,"Чат скролиться над поле, куди писатиом",,
13. Помічник Bity AI — листування,250,Чат Bity AI,20+ повідомлень.,"Скрол до низу, гальмування картинки ок",,
13. Помічник Bity AI — листування,251,Чат Bity AI,Історія.,Екран історії,,
13. Помічник Bity AI — листування,252,Чат Bity AI,Якщо є «Назад».,Не ламає таб,,
13. Помічник Bity AI — історія,253,Чат Bity AI → кнопка історії,Відкрий історія після кількох чатів.,"Секції, рядки",,
13. Помічник Bity AI — історія,254,Чат Bity AI → кнопка історії,Ввести слово з минулого чату.,Фільтр рядків,,
13. Помічник Bity AI — історія,255,Чат Bity AI → кнопка історії,Перемикати.,Список фільтрується,,
13. Помічник Bity AI — історія,256,Чат Bity AI → кнопка історії,Мікрофон.,Текст у полі,,
13. Помічник Bity AI — історія,257,Чат Bity AI → кнопка історії,Очистити.,Повний список,,
13. Помічник Bity AI — історія,258,Чат Bity AI → кнопка історії,Натисни рядка.,Повернення в чат із цією сесією,,
13. Помічник Bity AI — історія,259,Чат Bity AI → кнопка історії,«Очистити все».,Історія порожня; чат на табі скидається до welcome,,
13. Помічник Bity AI — історія,260,Чат Bity AI → кнопка історії,«Назад».,Чат,,
14. Вкладка Прогрес,261,Нижня кнопка «Прогрес»,Відкрий Прогрес.,"Title, subtitle (стрік/саммарі), 3 кнопки",,
14. Вкладка Прогрес,262,Нижня кнопка «Прогрес»,Подивись екран.,Так і має бути: цього екрана / кнопки немає чартів і превʼю фото,,
14. Записати вагу,263,Прогрес → записати вагу,«Записати вагу».,"Поле, слайдер, kg/lb, дата, «Зберегти»",,
14. Записати вагу,264,Прогрес → записати вагу,Порухати слайдер.,Число в полі збігається,,
14. Записати вагу,265,Прогрес → записати вагу,Ввести 72.5.,Слайдер підтягнувся,,
14. Записати вагу,266,Прогрес → записати вагу,Кнопка зверху: lb.,"Конвертація, межі 66–440",,
14. Записати вагу,267,Прогрес → записати вагу,Спробувати 10 kg / 250 kg.,Клампається до 30–200 kg,,
14. Записати вагу,268,Прогрес → записати вагу,Вчора потім «Зберегти».,Зберігається на ту дату (історії на екрані немає — перевірити відсутність помилки),,
14. Записати вагу,269,Прогрес → записати вагу,«Зберегти».,Повернення назад на Прогрес,,
14. Записати вагу,270,Прогрес → записати вагу,«Назад».,Вага не записалась,,
14. Записати вагу,271,Прогрес → записати вагу,(якщо є).,Вікно з повідомленням,,
14. Записати вагу,272,Прогрес → записати вагу,Зберегти ще раз.,Не додаток вилетів (два записи або оновлення — нотувати фактичну поведінку),,
14. Записати тренування,273,Прогрес → записати тренування,«Записати тренування».,"Типи, імʼя, дата, тривалість, калорії, «Зберегти»",,
14. Записати тренування,274,Прогрес → записати тренування,Натисни всі 6.,"Імʼя підставляється, чіп вибраний",,
14. Записати тренування,275,Прогрес → записати тренування,Перейменувати.,Зберігається кастомна назва,,
14. Записати тренування,276,Прогрес → записати тренування,Постав 5 хв і 90 хв.,"Мін 1 хв, значення зберігається",,
14. Записати тренування,277,Прогрес → записати тренування,Не вводити ккал потім «Зберегти».,"0 ккал, додаток не вилетів",,
14. Записати тренування,278,Прогрес → записати тренування,250 потім «Зберегти».,Головна спалені калорії зріс на ~250,,
14. Записати тренування,279,Прогрес → записати тренування,Інша дата потім «Зберегти».,Успіх,,
14. Записати тренування,280,Прогрес → записати тренування,«Назад».,Не збережено,,
14. Записати тренування,281,Прогрес → записати тренування,Фокус калорії / тривалість.,Скрол не ховає «Зберегти»,,
14. Фото фігури,282,Прогрес → фото фігури,Відкрити.,"«1/2 спереду», кнопка зйомки, галерея, ліхтарик, close",,
14. Фото фігури,283,Прогрес → фото фігури,Зняти.,Перехід на збоку 2/2,,
14. Фото фігури,284,Прогрес → фото фігури,Галерея.,Теж на збоку,,
14. Фото фігури,285,Прогрес → фото фігури,Зняти збоку.,"Закриває ланцюжок екранів, Прогрес знову",,
14. Фото фігури,286,Прогрес → фото фігури,«Закрити».,Нічого не збережено (або лише нічого видимого),,
14. Фото фігури,287,Прогрес → фото фігури,Після спереду потім «Закрити».,Спереду уже збережене; збоку немає — нотувати,,
14. Фото фігури,288,Прогрес → фото фігури,Увімкнено / вимкнено.,Працює,,
14. Фото фігури,289,Прогрес → фото фігури,Відхилити.,"Вікно з повідомленням, не додаток вилетів",,
14. Фото фігури,290,Прогрес → фото фігури,Якщо це не справжній телефон — пропусти цей рядок.,Вікно з повідомленням помилки,,
15. Нагороди і значки,291,Нижня кнопка «Нагороди»,Відкрий Нагороди.,"Картка рівня (очки нагород, прогрес) + 12 значків",,
15. Нагороди і значки,292,Нижня кнопка «Нагороди»,Новий юзер.,Бейджі з 0 виглядають locked,,
15. Нагороди і значки,293,Нижня кнопка «Нагороди»,Натисни значка.,"Деталь: прогрес скільки вже є / скільки треба, без конфеті відкриття значка",,
15. Нагороди і значки,294,Нижня кнопка «Нагороди»,Поділитися.,Поділитися вікно знизу,,
15. Нагороди і значки,295,Нижня кнопка «Нагороди»,Кнопки на деталі.,Назад до списку / закриття,,
15. Нагороди і значки,296,Нижня кнопка «Нагороди»,Запиши 1 продукт.,+10 очки нагород на картці рівня,,
15. Нагороди і значки,297,Нижня кнопка «Нагороди»,+ склянка.,+5 очки нагород,,
15. Нагороди і значки,298,Нижня кнопка «Нагороди»,«Зберегти» вагу.,+15 очки нагород,,
15. Нагороди і значки,299,Нижня кнопка «Нагороди»,«Зберегти» тренування.,+10 очки нагород,,
15. Нагороди і значки,300,Нижня кнопка «Нагороди»,Завершити спереду+збоку.,"+25 за збереження (перевірити, чи раз чи двічі — нотувати)",,
15. Нагороди і значки,301,Нижня кнопка «Нагороди»,Набрати ≥100 очки нагород.,"Назва рівня Explorer, прогрес-бар",,
15. Нагороди і значки,302,Нижня кнопка «Нагороди»,Виконати умову значка.,"Повноекранна деталь з конфеті, черга якщо кілька",,
15. Нагороди і значки,303,Нижня кнопка «Нагороди»,Два анлоки підряд.,Другий після закриття першого,,
15. Нагороди і значки,304,Нижня кнопка «Нагороди»,"Лог з Головна, сидіти на Прогрес.",Вікно поверх екрана поверх,,
15. Нагороди і значки,305,Нижня кнопка «Нагороди»,7 днів поспіль з будь-яким логом їжі.,7 днів запису або зміна дати пристрою + логи,,
15. Нагороди і значки,306,Нижня кнопка «Нагороди»,7 днів поспіль вода ≥ денної цілі.,Долити до цілі 7 днів,,
15. Нагороди і значки,307,Нижня кнопка «Нагороди»,3 тижні поспіль із записом ваги.,Вага в 3 різних тижнях,,
15. Нагороди і значки,308,Нижня кнопка «Нагороди»,5 днів збалансовано macros.,"Дні, коли оцінка має badge збалансовано",,
15. Нагороди і значки,309,Нижня кнопка «Нагороди»,7 днів клітковина ≥ цілі.,Їжа з клітковиною до цілі,,
15. Нагороди і значки,310,Нижня кнопка «Нагороди»,2 вихідні підряд з їжею або тренування.,Сб/Нд логи,,
15. Нагороди і значки,311,Нижня кнопка «Нагороди»,3 дні білок ≥ цілі.,Екран виглядає нормально. Додаток не вилетів і не зависає.,,
15. Нагороди і значки,312,Нижня кнопка «Нагороди»,5 днів їжа з година < 9.,Запиши вранці,,
15. Нагороди і значки,313,Нижня кнопка «Нагороди»,7 днів зі заміна страви.,Заміни через AI/картка заміни стравиу,,
15. Нагороди і значки,314,Нижня кнопка «Нагороди»,7 днів прогрес фото.,Екран виглядає нормально. Додаток не вилетів і не зависає.,,
15. Нагороди і значки,315,Нижня кнопка «Нагороди»,3 дні вся їжа до 21:00.,Не логувати після 21,,
15. Нагороди і значки,316,Нижня кнопка «Нагороди»,7 днів ≥3 різних назв продуктів за день.,Екран виглядає нормально. Додаток не вилетів і не зависає.,,
15. Нагороди і значки,317,Нижня кнопка «Нагороди»,Логи їжі кілька днів.,Subtitle показує стрік,,
15. Нагороди і значки,318,Нижня кнопка «Нагороди»,Пропустити день запису їжі.,Current серія днів скидається,,
16. Вкладка Рецепти,319,Нижня кнопка «Рецепти»,Відкрий Рецепти.,"Фон першого налаштування, великий заголовок вкладки, немає пошуку рецептів",,
16. Вкладка Рецепти,320,Нижня кнопка «Рецепти»,Зайти/вийти 5 разів.,Стабільно,,
16. Вкладка Рецепти,321,Нижня кнопка «Рецепти»,Шукати список/AI generate/saved.,Так і має бути: цього екрана / кнопки немає у табі,,
17. Дозволи телефону і нагадування,322,"Телефон: Налаштування → цей додаток, або перший запит дозволу",Перший штрихкод/фото.,"Текст текст дозволу англійська мова телефону або українська мова телефону, не за замовчуванням Apple",,
17. Дозволи телефону і нагадування,323,"Телефон: Налаштування → цей додаток, або перший запит дозволу",Перший голос.,Локалізований текст дозволу,,
17. Дозволи телефону і нагадування,324,"Телефон: Налаштування → цей додаток, або перший запит дозволу",Якщо система питає.,Локалізований текст дозволу,,
17. Дозволи телефону і нагадування,325,"Телефон: Налаштування → цей додаток, або перший запит дозволу",Перше налаштування «Далі».,Поділитися + update текст дозволу,,
17. Дозволи телефону і нагадування,326,"Телефон: Налаштування → цей додаток, або перший запит дозволу","Перший вхід на вкладки внизу,.notDetermined.",Системний запит нотифікацій,,
17. Дозволи телефону і нагадування,327,"Телефон: Налаштування → цей додаток, або перший запит дозволу",Дозволити.,Немає спаму промптами,,
17. Дозволи телефону і нагадування,328,"Телефон: Налаштування → цей додаток, або перший запит дозволу",Не дозволяти.,Додаток жива; нагадування не приходять,,
17. Дозволи телефону і нагадування,329,"Телефон: Налаштування → цей додаток, або перший запит дозволу","Дозволити, зачекати 08:00 (або змінити час пристрою).",Локальна нотифікація сніданок,,
17. Дозволи телефону і нагадування,330,"Телефон: Налаштування → цей додаток, або перший запит дозволу",Зроби так: Обід 13:00.,Нотифікація,,
17. Дозволи телефону і нагадування,331,"Телефон: Налаштування → цей додаток, або перший запит дозволу",Зроби так: Вечеря 19:00.,Нотифікація,,
17. Дозволи телефону і нагадування,332,"Телефон: Налаштування → цей додаток, або перший запит дозволу",Зроби так: Вода 10:30 / 15:00 / 18:30.,Три водні слоти,,
17. Дозволи телефону і нагадування,333,"Телефон: Налаштування → цей додаток, або перший запит дозволу",Зроби так: Weight 07:30.,Нотифікація ваги,,
17. Дозволи телефону і нагадування,334,"Телефон: Налаштування → цей додаток, або перший запит дозволу",Зроби так: Streak 21:00.,Нотифікація стріка,,
17. Дозволи телефону і нагадування,335,"Телефон: Налаштування → цей додаток, або перший запит дозволу",Запиши воду/їжу/вагу/тренування на девайсі з Здоров’я.,Зʼявляється в Apple Здоров’я відповідна категорія,,
17. Дозволи телефону і нагадування,336,"Телефон: Налаштування → цей додаток, або перший запит дозволу",Перше налаштування «Можливо пізніше» / Відхилити.,Додаток працює локально,,
17. Дозволи телефону і нагадування,337,"Телефон: Налаштування → цей додаток, або перший запит дозволу",Якщо в Здоров’я є вага/тренування/вода.,"Може підтягнутись після перше відкриття (нотувати, що саме зʼявилось на Головній)",,
17. Дозволи телефону і нагадування,338,"Телефон: Налаштування → цей додаток, або перший запит дозволу",Шукати екран Налаштування.,Так і має бути: цього екрана / кнопки немає екран вимикачів синхронізація,,
18. Мова телефону і темна тема,339,Налаштування телефону: мова і вигляд,Система англійська мова телефону.,"Немає ключів foo.bar, немає українських шматків",,
18. Мова телефону і темна тема,340,Налаштування телефону: мова і вигляд,Система українська мова телефону.,Усі основні екрани українською,,
18. Мова телефону і темна тема,341,Налаштування телефону: мова і вигляд,Українська мова телефону + перший дозвіл камери.,Текст дозволу українською,,
18. Мова телефону і темна тема,342,Налаштування телефону: мова і вигляд,Зроби так: світла тема.,"Контраст, кільця, картки",,
18. Мова телефону і темна тема,343,Налаштування телефону: мова і вигляд,Зроби так: темна тема.,Те саме,,
18. Мова телефону і темна тема,344,Налаштування телефону: мова і вигляд,"Шторка зліва зверху (ліхтарик, літак) під час Головна / екран «Вітаємо в Bity» / AI / екран зі списком страв (олівець).",Перефарбовується без рестарту,,
18. Мова телефону і темна тема,345,Налаштування телефону: мова і вигляд,Універсальний доступ потім найбільший шрифт.,Не ріже кнопки «Далі» / «Зберегти»; можна скролити,,
18. Мова телефону і темна тема,346,Налаштування телефону: мова і вигляд,Зроби так: iPhone маленький айфон.,"Немає накладань, ряд кнопок внизу доступний",,
18. Мова телефону і темна тема,347,Налаштування телефону: мова і вигляд,Зроби так: iPhone великий айфон.,"Не розтягнуто «як планшет», відступи живі",,
18. Мова телефону і темна тема,348,Налаштування телефону: мова і вигляд,Повернути Головна / камеру.,"Або коректний layout, або лок портрета — нотувати факт",,
18. Мова телефону і темна тема,349,Налаштування телефону: мова і вигляд,Зроби так: відступи від вирізу екрана / Dynamic Island / смужка внизу екрана.,Кнопки не під виріз екрана і не під смужка внизу екрана,,
18. Мова телефону і темна тема,350,Налаштування телефону: мова і вигляд,Якщо є.,"Клампанний scale, спліт не ламає XIB",,
18. Мова телефону і темна тема,351,Налаштування телефону: мова і вигляд,"«Пошук», екран «додати в щоденник», чат, об’єм склянки.",Поля видимі,,
19. Закрити додаток і відкрити знову,352,Головна,Запиши потім повністю закрий додаток (згорнути картку вгору).,Їжа на місці,,
19. Закрити додаток і відкрити знову,353,Головна,Зроби так: повністю закрий додаток (згорнути картку вгору) після води.,Вода на місці,,
19. Закрити додаток і відкрити знову,354,Головна,Зроби так: повністю закрий додаток (згорнути картку вгору) після ваги/тренування.,Дані на місці,,
19. Закрити додаток і відкрити знову,355,Головна,Пройди план потім повністю закрий.,Не показує екран «Вітаємо в Bity»,,
19. Закрити додаток і відкрити знову,356,Головна,«Почнімо» перший екран помічника потім повністю закрий.,"Чат, не перший екран помічника",,
19. Закрити додаток і відкрити знову,357,Головна,330 ml потім повністю закрий.,Залишився 330,,
19. Закрити додаток і відкрити знову,358,Головна,Позначити з’їдено потім повністю закрий.,Позначка «з’їдено» лишився,,
19. Закрити додаток і відкрити знову,359,Головна,Видали додаток.,"Усі дані зникають, перше налаштування знову",,
19. Закрити додаток і відкрити знову,360,Головна,30+ продуктів за день.,"Головна скролиться, без лагів",,
19. Закрити додаток і відкрити знову,361,Головна,Після видалити.,Віджет порожній/плейсхолдер,,
20. Без інтернету,362,"Будь-який екран, де потрібен інтернет",Режим польоту (без інтернету).,Порожньо / помилка,,
20. Без інтернету,363,"Будь-який екран, де потрібен інтернет",Зроби так: без інтернету штрихкод пошук продукту.,Помилка підказка,,
20. Без інтернету,364,"Будь-який екран, де потрібен інтернет",Зроби так: без інтернету фото-аналіз.,Помилка статусу,,
20. Без інтернету,365,"Будь-який екран, де потрібен інтернет",Після транскрипту «Аналізувати».,Помилка,,
20. Без інтернету,366,"Будь-який екран, де потрібен інтернет",«Надіслати».,Помилка повідомлення,,
20. Без інтернету,367,"Будь-який екран, де потрібен інтернет",«Надіслати».,Не додаток вилетів,,
20. Без інтернету,368,"Будь-який екран, де потрібен інтернет","Вимкнути режим польоту (без інтернету), повторити.",Успіх,,
20. Без інтернету,369,"Будь-який екран, де потрібен інтернет",Network Link Conditioner 3G.,"Лоадери/статуси, не подвійний сабміт",,
20. Без інтернету,370,"Будь-який екран, де потрібен інтернет",Обрізати мережу посеред аналізу.,"Відновлення UI, можна повторити",,
21. Віджет на робочому столі,371,Робочий стіл телефону (віджети),Головна Screen потім Bity потім Medium.,Віджет ставиться,,
21. Віджет на робочому столі,372,Робочий стіл телефону (віджети),Відразу після інсталу.,"«—» / порожнє кільце, не додаток вилетів SpringBoard",,
21. Віджет на робочому столі,373,Робочий стіл телефону (віджети),Запиши їжу і воду.,Може не оновитись (оновлення віджета зараз не хукається) — нотувати факт,,
21. Віджет на робочому столі,374,Робочий стіл телефону (віджети),Натисни не на «Записати».,Відкриває додаток (посилання bity://home може не оброблятись — нотувати куди падає),,
21. Віджет на робочому столі,375,Робочий стіл телефону (віджети),Кнопка «Записати».,Може не відкрити вікно «Записати прийом» (чотири кнопки) (bity://log без handler) — нотувати,,
21. Віджет на робочому столі,376,Робочий стіл телефону (віджети),Українська мова телефону система.,Підписи українська мова телефону,,
21. Віджет на робочому столі,377,Робочий стіл телефону (віджети),Темна тема.,Читабельно,,
22. Чого в додатку ще немає — це нормально,378,Головна і вкладки внизу,Зроби так: Налаштування / профіль.,Кнопка іконка людини на Головній нічого не відкриває,,
22. Чого в додатку ще немає — це нормально,379,Головна і вкладки внизу,Зроби так: Екран цілей/аватара/преміум.,Немає,,
22. Чого в додатку ще немає — це нормально,380,Головна і вкладки внизу,Зроби так: Paywall Adapty.,Ніде не показується з фіч,,
22. Чого в додатку ще немає — це нормально,381,Головна і вкладки внизу,Зроби так: Гейт «безкоштовні скани».,Штрихкод/фото працюють без підписки,,
22. Чого в додатку ще немає — це нормально,382,Головна і вкладки внизу,Зроби так: Каталог Рецепти.,"Вкладка — майже порожній екран, лише назва",,
22. Чого в додатку ще немає — це нормально,383,Головна і вкладки внизу,Зроби так: Текст їжа logging.,Немає входу з Головна/вікно «Записати прийом» (чотири кнопки),,
22. Чого в додатку ще немає — це нормально,384,Головна і вкладки внизу,Зроби так: Зміна дня щоденника.,Немає екран prev/next/calendar,,
22. Чого в додатку ще немає — це нормально,385,Головна і вкладки внизу,Зроби так: Графіки Прогрес.,Немає,,
22. Чого в додатку ще немає — це нормально,386,Головна і вкладки внизу,Зроби так: Галерея прогрес photos.,Немає перегляду збережених фото,,
22. Чого в додатку ще немає — це нормально,387,Головна і вкладки внизу,Зроби так: «Умовами та конфіденційністю» тапи.,Екран «Вітаємо в Bity» дрібний текст внизу не клікабельний,,
23. Кілька кроків підряд,388,Кілька екранів підряд,Перше налаштування потім сніданок через редагувати+пошук потім обід штрихкод потім снек фото потім вечеря голос потім вода до цілі потім вага потім 20 хв прогулянка потім фото прогресу потім AI «що мені ще зʼїсти».,"Усе на Головній сходиться: ккал, білки / жири / вуглеводи, вода, спалені калорії, Нагороди очки нагород зросли",,
23. Кілька кроків підряд,389,Кілька екранів підряд,Обід з куркою потім екран зі списком страв (олівець) AI заміна страви / чат заміна страви.,"Стара позиція замінена, ккал інші, Smart Choice прогрес",,
23. Кілька кроків підряд,390,Кілька екранів підряд,AI залогував потім «скасувати запис» на картці.,"Головна без цього запису, кільця відкотились",,
23. Кілька кроків підряд,391,Кілька екранів підряд,«Пошук» + barcode в Перекуси.,"Обидва рядки, сума правильна",,
23. Кілька кроків підряд,392,Кілька екранів підряд,Вікно «Записати прийом» (чотири кнопки) (Перекуси) потім екран «додати в щоденник» прийом = Сніданок.,Можна покласти в Сніданок з екран «додати в щоденник»; вікно «Записати прийом» (чотири кнопки) лишається Перекуси,,
23. Кілька кроків підряд,393,Кілька екранів підряд,Екран «додати в щоденник» дата вчора.,Сьогоднішній Головна без неї; кільця сьогоднішні не враховують вчора,,
23. Кілька кроків підряд,394,Кілька екранів підряд,"Здоров’я Дозволити, запиши воду в апці.",Немає дубля «дві склянки» на Головній (або нотувати дубль — це баг),,
23. Кілька кроків підряд,395,Кілька екранів підряд,Штрихкод потім деталі потім «Назад».,Камера знову жива,,
23. Кілька кроків підряд,396,Кілька екранів підряд,Фото потім «Сканувати штрихкод» потім «Пошук» потім «Голосовий запис».,"Кожен екран валідний, стек не росте нескінченно",,
23. Кілька кроків підряд,397,Кілька екранів підряд,Закрити відкриття значка потім одразу новий лог.,Екран не блокується,,
23. Кілька кроків підряд,398,Кілька екранів підряд,Quick log потім закрий потім об’єм склянки потім закрий потім редагувати meal.,"Усі дізмісяться, Головна клікабельний",,
23. Кілька кроків підряд,399,Кілька екранів підряд,Галерея + чат з фото + Головна.,Немає джетсам посеред ланцюжок екранів (на старому девайсі),,
23. Кілька кроків підряд,400,Кілька екранів підряд,"Зміни дату на завтра, відкрий додаток.","«Порожній» новий день, вчорашнє не змішалось",,
23. Кілька кроків підряд,401,Кілька екранів підряд,"Зміни мову системи, не вбиваючи додаток.",Після повного закриття і відкриття мова нова,,
24. Написати помічнику — записати їжу,402,"Нижня кнопка «Bity AI», поле внизу чату","Напиши в поле рівно так і надішли:
«I had oatmeal with blueberries and black coffee for breakfast.»
(I had oatприйом with blueberries and black coffee for сніданок)","Картка картка «записано в щоденник», Сніданок на Головній, ккал > 0, кільце зросло",,
24. Написати помічнику — записати їжу,403,"Нижня кнопка «Bity AI», поле внизу чату","Напиши в поле рівно так і надішли:
«На сніданок була вівсянка з чорницями і чорна кава.»",Те саме в Сніданок,,
24. Написати помічнику — записати їжу,404,"Нижня кнопка «Bity AI», поле внизу чату","Напиши в поле рівно так і надішли:
«з'їв яблуко»",Лог є. Прийом — який AI вибрав (часто snacks). Нотувати куди поклав,,
24. Написати помічнику — записати їжу,405,"Нижня кнопка «Bity AI», поле внизу чату","Напиши в поле рівно так і надішли:
«на обід борщ і шматок хліба»","1 або 2 картки запису, рядки в Обід",,
24. Написати помічнику — записати їжу,406,"Нижня кнопка «Bity AI», поле внизу чату","Напиши в поле рівно так і надішли:
«на вечерю 200 г курки гриль і салат»","Вечеря, порція ~200 г якщо модель передала grams",,
24. Написати помічнику — записати їжу,407,"Нижня кнопка «Bity AI», поле внизу чату","Напиши в поле рівно так і надішли:
«випив лате 300 мл»","Запис з мл, ккал лате не 0",,
24. Написати помічнику — записати їжу,408,"Нижня кнопка «Bity AI», поле внизу чату","Напиши в поле рівно так і надішли:
«снек: протеїновий батончик»",Перекуси,,
24. Написати помічнику — записати їжу,409,"Нижня кнопка «Bity AI», поле внизу чату","Напиши в поле рівно так і надішли:
«яйця, тост і авокадо на сніданок»",Кілька карток або один комбо-запис. Нотувати як модель зробила. Головна сходиться з сумою в чаті,,
24. Написати помічнику — записати їжу,410,"Нижня кнопка «Bity AI», поле внизу чату","Напиши в поле рівно так і надішли:
«жменя мигдалю»","Лог з розумною порцією, не 0 ккал",,
24. Написати помічнику — записати їжу,411,"Нижня кнопка «Bity AI», поле внизу чату","Напиши в поле рівно так і надішли:
«бігмак і кола»","Лог, ккал явно ресторанного порядку (не 50)",,
24. Написати помічнику — записати їжу,412,"Нижня кнопка «Bity AI», поле внизу чату","Напиши в поле рівно так і надішли:
«зїла омлєт з сиром»",Все одно розпізнав і залогував,,
24. Написати помічнику — записати їжу,413,"Нижня кнопка «Bity AI», поле внизу чату","Напиши в поле рівно так і надішли:
«grilled salmon 150g for dinner»
(Система українська мова телефону, фраза)",Лог у Вечеря,,
24. Написати помічнику — записати їжу,414,"Нижня кнопка «Bity AI», поле внизу чату","Напиши в поле рівно так і надішли:
«сирники зі сметаною»
(Система англійська мова телефону, фраза)","Лог, назва читабельна",,
24. Написати помічнику — записати їжу,415,"Нижня кнопка «Bity AI», поле внизу чату","Напиши в поле рівно так і надішли:
«з'їв повітря»",Немає фейкового запису 500 ккал або модель відмовила текстом без картки,,
24. Написати помічнику — записати їжу,416,"Нижня кнопка «Bity AI», поле внизу чату","Напиши в поле рівно так і надішли:
«який сьогодні курс долара?»","Текстова відповідь, немає картки їжі/води",,
24. Написати помічнику — записати їжу,417,"Нижня кнопка «Bity AI», поле внизу чату","Напиши в поле рівно так і надішли:
«запиши що я з'їв»","Уточнює питанням, не створює порожній рядок",,
24. Написати помічнику — записати їжу,418,"Нижня кнопка «Bity AI», поле внизу чату","Напиши в поле рівно так і надішли:
«з'їв яблуко»",Два записи (або модель питає). Нотувати. Кільце = сумі,,
24. Написати помічнику — записати їжу,419,"Нижня кнопка «Bity AI», поле внизу чату",рядок 402 потім «скасувати запис» на картці на картці.,"Рядок зник з Головна, кільце відкотилось, статус undone",,
24. Написати помічнику — записати їжу,420,"Нижня кнопка «Bity AI», поле внизу чату",рядок 409 два логи потім «скасувати запис» на картці лише на другому.,Перший лишився,,
24. Написати помічнику — воду,421,"Нижня кнопка «Bity AI», поле внизу чату","Напиши в поле рівно так і надішли:
«додай склянку води»","Вікно з повідомленням з N мл (часто 150–250). «Підтвердити» потім Головна +N мл, очки нагород +5",,
24. Написати помічнику — воду,422,"Нижня кнопка «Bity AI», поле внизу чату","Напиши в поле рівно так і надішли:
«запиши 500 мл води»","Вікно з повідомленням 500. «Підтвердити» потім лічильник +500, не +1 склянка 150",,
24. Написати помічнику — воду,423,"Нижня кнопка «Bity AI», поле внизу чату","Напиши в поле рівно так і надішли:
«випив 2 склянки води»",Вікно з повідомленням з ~2× обʼємом або два підтвердження. Нотувати N,,
24. Написати помічнику — воду,424,"Нижня кнопка «Bity AI», поле внизу чату","Напиши в поле рівно так і надішли:
«випив 1 літр води»",Вікно з повідомленням ~1000 мл,,
24. Написати помічнику — воду,425,"Нижня кнопка «Bity AI», поле внизу чату",рядок 422 потім «Скасувати».,"Вода на Головній не змінилась, в чаті system cancelled",,
24. Написати помічнику — воду,426,"Нижня кнопка «Bity AI», поле внизу чату","Напиши в поле рівно так і надішли:
«запиши 250 мл води»
(Знову  потім «Підтвердити»)",Цього разу додалось,,
24. Написати помічнику — воду,427,"Нижня кнопка «Bity AI», поле внизу чату","Напиши в поле рівно так і надішли:
«з'їв яблуко і випив 200 мл води»",Картка їжі і вікно з повідомленням води. Підтвердити воду окремо,,
24. Написати помічнику — воду,428,"Нижня кнопка «Bity AI», поле внизу чату","Напиши в поле рівно так і надішли:
«запиши 500 мл»
(Склянка Головна = 150. Чат  потім «Підтвердити»)","Лічильник +500. Візуал 8 склянок заповнюється пропорційно до денної цілі, не «+1 пляшка»",,
24. Написати помічнику — воду,429,"Нижня кнопка «Bity AI», поле внизу чату",рядок 422 «Підтвердити» потім на Головній −.,"Зникає останній запис (усі 500 мл), не 150",,
24. Написати помічнику — замінити страву,430,"Нижня кнопка «Bity AI», поле внизу чату","Напиши в поле рівно так і надішли:
«Food Swaps»
(Натисни «Заміни їжі» / Заміни їжі)","У чат пішла назва підказки, прийшли заміна страви-картки або текст з ідеями",,
24. Написати помічнику — замінити страву,431,"Нижня кнопка «Bity AI», поле внизу чату","Напиши в поле рівно так і надішли:
«заміни курку на індичку»","Картка заміна страви курка потім індичка, savings ккал. Щоденник ще не змінений",,
24. Написати помічнику — замінити страву,432,"Нижня кнопка «Bity AI», поле внизу чату",рядок 431 потім «Застосувати».,Картка стає карткою «записано в щоденник». Обід оновлений (замінити) або новий рядок у Перекуси (якщо без ціль). Нотувати куди,,
24. Написати помічнику — замінити страву,433,"Нижня кнопка «Bity AI», поле внизу чату",рядок 431 потім «ще варіанти».,"У чат іде Більше варіантів / Більше варіантів, нові картки",,
24. Написати помічнику — замінити страву,434,"Нижня кнопка «Bity AI», поле внизу чату","рядок 431, не тиснути «Застосувати», відкрий Головна.",Оригінальна курка на місці,,
24. Написати помічнику — замінити страву,435,"Нижня кнопка «Bity AI», поле внизу чату","Напиши в поле рівно так і надішли:
«це була не курка, а індичка, виправ»","Replace: курка зникла, індичка є, не два рядки",,
24. Написати помічнику — замінити страву,436,"Нижня кнопка «Bity AI», поле внизу чату","Напиши в поле рівно так і надішли:
«заміни піцу на салат»",Картка все одно може бути; «Застосувати» додасть альтернативу в Перекуси. Нотувати,,
24. Написати помічнику — що приготувати,437,"Нижня кнопка «Bity AI», поле внизу чату",Натисни «Ідеї страв».,Recipe-картки з ккал/макросами,,
24. Написати помічнику — що приготувати,438,"Нижня кнопка «Bity AI», поле внизу чату","Напиши в поле рівно так і надішли:
«що приготувати на вечерю, щоб влізти в ціль?»
(Спочатку зʼїсти ~80% ккал)",Варіанти з ккал ≤ залишок калорій (орієнтовно),,
24. Написати помічнику — що приготувати,439,"Нижня кнопка «Bity AI», поле внизу чату",рядок 437 потім «Записати» на одній картці.,"Запис у вказаний mealType картки, Головна оновився",,
24. Написати помічнику — що приготувати,440,"Нижня кнопка «Bity AI», поле внизу чату","Відкрий картки, нічого не тиснути.",Щоденник без змін,,
24. Написати помічнику — що приготувати,441,"Нижня кнопка «Bity AI», поле внизу чату","Напиши в поле рівно так і надішли:
«дай рецепт вечері близько 500 ккал з високим білком»",Картки або текст рецепта з Б/Ж/В,,
24. Написати помічнику — що приготувати,442,"Нижня кнопка «Bity AI», поле внизу чату","Напиши в поле рівно так і надішли:
«вечеря за 15 хвилин, без духовки»",Ідеї з коротким cook time,,
24. Написати помічнику — питання про калорії,443,"Нижня кнопка «Bity AI», поле внизу чату",Натисни «Питання про харчування».,"Текстова відповідь про склад (білки, жири, вуглеводи), не обовʼязково картка",,
24. Написати помічнику — питання про калорії,444,"Нижня кнопка «Bity AI», поле внизу чату","Напиши в поле рівно так і надішли:
«скільки калорій мені ще можна сьогодні?»",Число близьке до залишок калорій на Головній (± невелика похибка моделі),,
24. Написати помічнику — питання про калорії,445,"Нижня кнопка «Bity AI», поле внизу чату","Напиши в поле рівно так і надішли:
«чи я закрив білок?»",Відповідь спирається на зʼїдений protein проти ціль,,
24. Написати помічнику — питання про калорії,446,"Нижня кнопка «Bity AI», поле внизу чату","Напиши в поле рівно так і надішли:
«як мій прогрес сьогодні?»","Каже що день порожній / 0, не вигадує обід",,
24. Написати помічнику — питання про калорії,447,"Нижня кнопка «Bity AI», поле внизу чату","Напиши в поле рівно так і надішли:
«скільки води ще треба?»
(1 склянка 150, ціль ~2 л)",Залишок близький до цілі − 150,,
24. Написати помічнику — питання про калорії,448,"Нижня кнопка «Bity AI», поле внизу чату","Напиши в поле рівно так і надішли:
«дай одну коротку пораду на сьогодні»","Короткий текст, без обовʼязкового запису",,
24. Написати помічнику — кілька повідомлень підряд,449,"Нижня кнопка «Bity AI», поле внизу чату","Напиши по черзі (після кожної — надішли і дочекайся відповіді):
1) «на обід гречка з куркою»
2) «запиши той самий обід ще раз»
(1)  (підтвердити лог) 2))","Другий лог схожий на перший, не «не зрозумів»",,
24. Написати помічнику — кілька повідомлень підряд,450,"Нижня кнопка «Bity AI», поле внизу чату","Напиши по черзі (після кожної — надішли і дочекайся відповіді):
1) «з'їв пасту»
2) «ні, це була маленька порція, грамм 150»","Або замінити, або новий лог зі зменшеними ккал. Головна не має двох великих паст без причини",,
24. Написати помічнику — кілька повідомлень підряд,451,"Нижня кнопка «Bity AI», поле внизу чату","Напиши в поле рівно так і надішли:
«а скільки там було білка?»","Відповідь про цю вівсянку, не загальний Wikipedia",,
24. Написати помічнику — кілька повідомлень підряд,452,"Нижня кнопка «Bity AI», поле внизу чату","Напиши по черзі (після кожної — надішли і дочекайся відповіді):
1) «скільки залишилось ккал»
2) «запропонуй обід»
3) «додай 300 мл води»
(1) сніданок 2)  3)  4) «Записати» картки 5)  «Підтвердити»)","Головна: сніданок+обід, вода +300, залишок калорій зменшився двічі",,
24. Написати помічнику — кілька повідомлень підряд,453,"Нижня кнопка «Bity AI», поле внизу чату","Напиши по черзі (після кожної — надішли і дочекайся відповіді):
1) «я алергік на арахіс, запам'ятай»
2) «що перекусити»",Не пропонує арахисове масло / Snickers з peanut. Preference Saved,,
24. Написати помічнику — кілька повідомлень підряд,454,"Нижня кнопка «Bity AI», поле внизу чату","Напиши по черзі (після кожної — надішли і дочекайся відповіді):
1) «я вегетаріанець»
2) «вечеря»
(1)  2) підказки страви або)",Без мʼяса/риби в картках,,
24. Написати помічнику — кілька повідомлень підряд,455,"Нижня кнопка «Bity AI», поле внизу чату","Напиши по черзі (після кожної — надішли і дочекайся відповіді):
1) «не люблю броколі»
2) «салат на вечерю»",Без броколі,,
24. Написати помічнику — кілька повідомлень підряд,456,"Нижня кнопка «Bity AI», поле внизу чату","Напиши в поле рівно так і надішли:
«ще»
(12 коротких питань підряд ())","Скрол живий, надіслати не блокується, після 20 історія підрізається — найстаріше може «забутись»",,
24. Написати помічнику — кілька повідомлень підряд,457,"Нижня кнопка «Bity AI», поле внизу чату",рядок 452 потім повністю закрий додаток (згорнути картку вгору) потім вкладку Bity AI.,"Останні репліки на місці (не карти, а текст user/assistant)",,
24. Написати помічнику — кілька повідомлень підряд,458,"Нижня кнопка «Bity AI», поле внизу чату",Після рядок 452 історія потім «Очистити все».,Екран «Вітаємо в Bity» знову. «Той самий обід» більше не згадує рядок 452,,
24. Написати помічнику — фото і голос,459,"Нижня кнопка «Bity AI», поле внизу чату","Кнопка скріпки біля поля галерея, без тексту.","Користувач хмарка повідомлення «Фото» / Фото, аналіз, бажано картка «записано в щоденник»",,
24. Написати помічнику — фото і голос,460,"Нижня кнопка «Bity AI», поле внизу чату","Напиши в поле рівно так і надішли:
«це обід, порція велика»
(галерея, потім дописати  — якщо екран шле фото одразу: надіслати фото, наступним повідомленням уточнити)","Або одразу лог Обід, або замінити після другої репліки",,
24. Написати помічнику — фото і голос,461,"Нижня кнопка «Bity AI», поле внизу чату",Селфі / стіл.,"Текст «не розпізнав» / прохання перезняти, без рандомного запису",,
24. Написати помічнику — фото і голос,462,"Нижня кнопка «Bity AI», поле внизу чату",Кнопка скріпки біля поля потім Камера потім страва.,Як рядок 459,,
24. Написати помічнику — фото і голос,463,"Нижня кнопка «Bity AI», поле внизу чату",Кнопка скріпки біля поля потім Файли потім jpg.,Як рядок 459,,
24. Написати помічнику — фото і голос,464,"Нижня кнопка «Bity AI», поле внизу чату","Напиши в поле рівно так і надішли:
«на сніданок омлет»
(Наговорити , перевірити поле, «Надіслати»)",Лог Сніданок,,
24. Написати помічнику — фото і голос,465,"Нижня кнопка «Bity AI», поле внизу чату",Наговорити і стерти.,Нічого не пішло,,
24. Написати помічнику — фото і голос,466,"Нижня кнопка «Bity AI», поле внизу чату",Тицьнути «Надіслати» двічі на одному тексті.,"Один запит (поки йде відповідь блокує), не два логи",,
24. Написати помічнику — дивні повідомлення,467,"Нижня кнопка «Bity AI», поле внизу чату",Режим польоту (без інтернету) потім будь-яка фраза.,"Система error, Помилка, поле знову доступне",,
24. Написати помічнику — дивні повідомлення,468,"Нижня кнопка «Bity AI», поле внизу чату",Вставити 2–3 тис. символів меню.,Не додаток вилетів; відповідь або помилка,,
24. Написати помічнику — дивні повідомлення,469,"Нижня кнопка «Bity AI», поле внизу чату","Напиши в поле рівно так і надішли:
«🍕🍔»","Або лог піци/бургера, або уточнення",,
24. Написати помічнику — дивні повідомлення,470,"Нижня кнопка «Bity AI», поле внизу чату","Напиши в поле рівно так і надішли:
«сьогодні lunch was sushi»
(сьогодні обід was sushi)",Лог Обід,,
24. Написати помічнику — дивні повідомлення,471,"Нижня кнопка «Bity AI», поле внизу чату","Напиши в поле рівно так і надішли:
«видали це яблуко»","Або замінити/видалити ефект на Головній, або каже відкрити редагувати. Нотувати. «скасувати запис» на картці картки має працювати завжди",,
25. Склянки води (детально),472,"Головна, блок води","Новий юзер, +.","+150 мл, 1 слот частково/повністю залежно від цілі",,
25. Склянки води (детально),473,"Головна, блок води",+ × 5 при 150.,"+750 мл, 5 записів, − знімає по 150",,
25. Склянки води (детально),474,"Головна, блок води",Олівець потім 330 потім «Зберегти» потім +.,"Новий запис 330, старі 150 не перераховуються",,
25. Склянки води (детально),475,"Головна, блок води","По черзі 150, 200, 250, 330, після кожного «Зберегти» зробити + і −.",Кожен + = обраний обʼєм,,
25. Склянки води (детально),476,"Головна, блок води",Ввести 180 потім «Зберегти» потім + × 2.,"+360, два записи по 180",,
25. Склянки води (детально),477,"Головна, блок води",Ввести 1 потім «Зберегти» потім +.,"Дозволяє (> 0), слот майже порожній",,
25. Склянки води (детально),478,"Головна, блок води",Ввести 1000 потім «Зберегти» потім +.,"+1000 за один натисни, кілька слотів заповнюються одразу",,
25. Склянки води (детально),479,"Головна, блок води",Подивись ціль (наприклад 2450). Склянка 250. Плюсати до цілі.,"Лічильник = ціль, слоти повні",,
25. Склянки води (детально),480,"Головна, блок води",Після рядок 479 ще +.,"Лічильник > цілі, додаток не вилетів, слоти max",,
25. Склянки води (детально),481,"Головна, блок води",4 склянки потім − × 2.,"Лишилось 2, останні зникли",,
25. Склянки води (детально),482,"Головна, блок води",− до нуля.,"0, слоти порожні, ще − — нічого не змінюється — і так має бути",,
25. Склянки води (детально),483,"Головна, блок води","150, змінити на 330, +, −.","− знімає 330 (останній), лишається 150",,
25. Склянки води (детально),484,"Головна, блок води","Чат 500 «Підтвердити», потім На Головній натисни +.","Сума 650. − спочатку знімає 150, наступний − — 500",,
25. Склянки води (детально),485,"Головна, блок води","Зміни чіп, свайп вниз.",Обʼєм не зберігся,,
25. Склянки води (детально),486,"Головна, блок води",Фокус у полі.,"Цифри, select-all, суфікс ml після blur",,
25. Склянки води (детально),487,"Головна, блок води",Зроби так: темна тема + українська мова телефону на вікні знизу.,"Чіпи «150 мл» тощо, без ключів",,
25. Склянки води (детально),488,"Головна, блок води",250 «Зберегти» потім повністю закрий додаток потім +.,Додалось 250,,
25. Склянки води (детально),489,"Головна, блок води",Повільно плюсати від 0 до цілі.,"Слоти наповнюються зліва направо, частковий останній",,
26. Різні слова в пошуку,490,Пошук продукту,"Напиши в поле рівно так і надішли:
«chicken breast»","Є результати, натисни потім Перекуси",,
26. Різні слова в пошуку,491,Пошук продукту,"Напиши в поле рівно так і надішли:
«куряча грудка»",Результати українською/локаллю,,
26. Різні слова в пошуку,492,Пошук продукту,"Напиши по черзі (після кожної — надішли і дочекайся відповіді):
1) «Coca-Cola»
2) «Coca Cola»","Напій, ккал на порцію",,
26. Різні слова в пошуку,493,Пошук продукту,"Напиши в поле рівно так і надішли:
«борщ»",Результат або AI-підказка зверху,,
26. Різні слова в пошуку,494,Пошук продукту,"Напиши в поле рівно так і надішли:
«egg»",Не порожньо,,
26. Різні слова в пошуку,495,Пошук продукту,"Напиши в поле рівно так і надішли:
«рис 100г»",Пошук живий (може ігнорувати «100г»),,
26. Різні слова в пошуку,496,Пошук продукту,"Напиши в поле рівно так і надішли:
«greek yogurt»","Йогурт, не випадкове мʼясо",,
26. Різні слова в пошуку,497,Пошук продукту,"Напиши в поле рівно так і надішли:
«qwertyfoodzzz»",0 результатів,,
26. Різні слова в пошуку,498,Пошук продукту,Порівняти 2 AI suggested і рядок нижче.,"Обидва логують, різні продукти",,
26. Різні слова в пошуку,499,Пошук продукту,"Напиши в поле рівно так і надішли:
«банан»
(Олівець Сніданок потім  потім  потім натисни)","Банан у Сніданок, не Перекуси",,
26. Різні пачки зі штрихкодом,500,Камера штрихкоду,Реальна пляшка/пачка.,Картка продукту з калоріями з назвою бренду,,
26. Різні пачки зі штрихкодом,501,Камера штрихкоду,Інший штрихкод одразу після «Назад».,"Новий продукт, не кеш першого",,
26. Різні пачки зі штрихкодом,502,Камера штрихкоду,Кола проти йогурт.,Мл проти г у порції на екран «додати в щоденник»,,
26. Різні пачки зі штрихкодом,503,Камера штрихкоду,"Сканувати, запамʼятати цифри, Enter manually.",Той самий продукт,,
26. Різні пачки зі штрихкодом,504,Камера штрихкоду,Після штрихкоду прийом кнопка прийому Сніданок потім «Додати».,На Головній у Сніданок,,
26. Різні фото страв,505,Камера фото страви,Омлет / каша.,"1 страва, ккал > 0",,
26. Різні фото страв,506,Камера фото страви,Мʼясо + гарнір + овочі.,"Або 1 комбо, або кілька інгредієнтів. Нотувати",,
26. Різні фото страв,507,Камера фото страви,Йогурт крупним планом.,Назва схожа на упаковку,,
26. Різні фото страв,508,Камера фото страви,Кава / сік.,Не плутає з супом безглуздо; є мл або ккал,,
26. Різні фото страв,509,Камера фото страви,Темне фото.,"Або низька впевненість / помилка, не додаток вилетів",,
26. Різні фото страв,510,Камера фото страви,З 2 метрів.,"Помилка або «не впевнений», без фантастичного запису",,
26. Різні фото страв,511,Камера фото страви,Фото вчорашнього обіду.,"Аналіз ок, дата запису — сьогодні (поки не змінити в екран «додати в щоденник»)",,
26. Різні фрази голосом,512,Екран голосу,"Напиши в поле рівно так і надішли:
«яблуко»",Текст з голосу потім «Аналізувати» потім продукт,,
26. Різні фрази голосом,513,Екран голосу,"Напиши в поле рівно так і надішли:
«на обід з'їв пасту карбонара»","«Аналізувати» розуміє страву; далі екран «додати в щоденник», прийом можна поставити Обід",,
26. Різні фрази голосом,514,Екран голосу,"Напиши в поле рівно так і надішли:
«яйце, огірок і хліб»",Кілька інгредієнтів у результаті або комбо,,
26. Різні фрази голосом,515,Екран голосу,"Напиши в поле рівно так і надішли:
«двісті грам курки»",~200 г,,
26. Різні фрази голосом,516,Екран голосу,"Система українська мова телефону, говорити українською.",Текст з голосу українською,,
26. Різні фрази голосом,517,Екран голосу,Аналізувати в галасливій кімнаті.,"Або норм, або помилка — не додаток вилетів",,
26. Різні фрази голосом,518,Екран голосу,"Наговорити «суп», руками змінити на «борщ» потім «Аналізувати».",Результат борщ,,
26. Кілька способів за один прийом,519,Головна і кнопка +,Два вікно «Записати прийом» (чотири кнопки) підряд.,"Два рядки Перекуси, сума ккал = сумі деталі",,
26. Кілька способів за один прийом,520,Головна і кнопка +,"Спочатку фото в Перекуси, потім голос.",Два рядки,,
26. Кілька способів за один прийом,521,Головна і кнопка +,"рядок 402 сніданок, потім вікно «Записати прийом» (чотири кнопки) яблуко.","Сніданок з чату, яблуко в Перекуси",,
26. Кілька способів за один прийом,522,Головна і кнопка +,Сніданок порожній потім олівець потім пошук яйце потім ще пошук тост.,Обидва в Сніданок,,
26. Кілька способів за один прийом,523,Головна і кнопка +,Фото потім екран «додати в щоденник» потім Вечеря потім «Додати».,"Вечеря, не Перекуси",,
26. Кілька способів за один прийом,524,Головна і кнопка +,Будь-який метод потім Змінити дата вчора.,Сьогоднішні кільця без цього запису,,
27. Олівець на прийомі — написати помічнику,525,"Головна → олівець біля Сніданку, поле внизу екрана","Напиши в поле рівно так і надішли:
«додай рис»","Новий рядок рис у цьому прийомі, Головна ккал зросли",,
27. Олівець на прийомі — написати помічнику,526,"Головна → олівець біля Сніданку, поле внизу екрана","Напиши в поле рівно так і надішли:
«додай 150 г рису»",Рис ~150 г,,
27. Олівець на прийомі — написати помічнику,527,"Головна → олівець біля Сніданку, поле внизу екрана","Напиши в поле рівно так і надішли:
«додай каву 200 мл»",Рядок з мл,,
27. Олівець на прийомі — написати помічнику,528,"Головна → олівець біля Сніданку, поле внизу екрана","Напиши по черзі (після кожної — надішли і дочекайся відповіді):
1) «видали яйця»
2) «прибери яйця»",Рядка яєць немає (якщо модель зробила замінити порожнім — нотувати; інакше видалити вручну має працювати завжди),,
27. Олівець на прийомі — написати помічнику,529,"Головна → олівець біля Сніданку, поле внизу екрана","Напиши в поле рівно так і надішли:
«заміни тост на цільнозерновий хліб»","Тост зник, хліб є, авокадо на місці",,
27. Олівець на прийомі — написати помічнику,530,"Головна → олівець біля Сніданку, поле внизу екрана","Напиши в поле рівно так і надішли:
«зроби авокадо 50 г»","Ккал авокадо зменшились, інші рядки ті самі",,
27. Олівець на прийомі — написати помічнику,531,"Головна → олівець біля Сніданку, поле внизу екрана","Напиши в поле рівно так і надішли:
«яйця на 300 г»",Ккал яєць зросли,,
27. Олівець на прийомі — написати помічнику,532,"Головна → олівець біля Сніданку, поле внизу екрана",рядок 529 під час надіслати.,"Анімація на рядку спливаючого напису, не на всіх, якщо в промпті є «тост» (≥4 літери)",,
27. Олівець на прийомі — написати помічнику,533,"Головна → олівець біля Сніданку, поле внизу екрана","Напиши в поле рівно так і надішли:
«зроби все легше»",Скан по всіх рядках,,
27. Олівець на прийомі — написати помічнику,534,"Головна → олівець біля Сніданку, поле внизу екрана","Напиши в поле рівно так і надішли:
«додай салат»
(Вечеря порожній потім)",Картка «їжу записано» з’являється з салатом,,
27. Олівець на прийомі — написати помічнику,535,"Головна → олівець біля Сніданку, поле внизу екрана","Напиши в поле рівно так і надішли:
«add chicken 120g»",Рядок курки,,
27. Олівець на прийомі — написати помічнику,536,"Головна → олівець біля Сніданку, поле внизу екрана","Напиши в поле рівно так і надішли:
«додай огірок і помідор»",1 або 2 рядки. Нотувати,,
27. Олівець на прийомі — написати помічнику,537,"Головна → олівець біля Сніданку, поле внизу екрана",Плюс потім галерея потім тарілка.,Новий/оновлений рядок після аналізу,,
27. Олівець на прийомі — написати помічнику,538,"Головна → олівець біля Сніданку, поле внизу екрана","Напиши в поле рівно так і надішли:
«додай банан»
(Наговорити  потім «Надіслати» якщо треба)",Банан у списку,,
27. Олівець на прийомі — написати помічнику,539,"Головна → олівець біля Сніданку, поле внизу екрана","Напиши в поле рівно так і надішли:
«додай 300 мл води»",Вода не логується звідси (tool ігнор). Щоденник води без змін,,
27. Олівець на прийомі — написати помічнику,540,"Головна → олівець біля Сніданку, поле внизу екрана","Напиши в поле рівно так і надішли:
«що ще додати до сніданку?»",Якщо прийшли ідеї — перша вже в списку без окремого «Записати». Нотувати сюрприз,,
27. Олівець на прийомі — написати помічнику,541,"Головна → олівець біля Сніданку, поле внизу екрана","Напиши в поле рівно так і надішли:
«додай рис»",Не два рис без потреби (поки йде відповідь),,
27. Олівець на прийомі — написати помічнику,542,"Головна → олівець біля Сніданку, поле внизу екрана",Режим польоту (без інтернету) потім «Надіслати».,"Не додаток вилетів, список як був, скан зникає",,
27. Олівець на прийомі — написати помічнику,543,"Головна → олівець біля Сніданку, поле внизу екрана",«Надіслати» потім одразу свайп вікна знизу.,Додаток не вилетів; після повернення дані консистентні,,
27. Олівець на прийомі — написати помічнику,544,"Головна → олівець біля Сніданку, поле внизу екрана","Напиши в поле рівно так і надішли:
«і ще яйце»","Друга команда в тому ж прийомі, історія жива до 20",,
27. Олівець на прийомі — написати помічнику,545,"Головна → олівець біля Сніданку, поле внизу екрана","Натисни поле порції рядка 1, змінити, натисни рядок 2.","Обидва комітяться, ккал Головна = сумі",,
27. Олівець на прийомі — написати помічнику,546,"Головна → олівець біля Сніданку, поле внизу екрана",Напій мл і їжа г в одному прийомі.,Парсер не плутає одиниці,,
27. Олівець на прийомі — написати помічнику,547,"Головна → олівець біля Сніданку, поле внизу екрана","Напиши в поле рівно так і надішли:
«abc»
(У поле випадкові літери / порожньо)",Відкат,,
27. Олівець на прийомі — написати помічнику,548,"Головна → олівець біля Сніданку, поле внизу екрана",Ввести 0.,"Або відкат, або 0 ккал — нотувати, не дивна помилка замість числа",,
27. Олівець на прийомі — написати помічнику,549,"Головна → олівець біля Сніданку, поле внизу екрана","Напиши в поле рівно так і надішли:
«9999»","Не додаток вилетів, ккал великі, кільце більше за денну норму",,
27. Олівець на прийомі — написати помічнику,550,"Головна → олівець біля Сніданку, поле внизу екрана",Фокус AI-поля при відкритій порції.,"Текст внизу над клавіатурою, «Зберегти» доступний скролом",,
27. Олівець на прийомі — написати помічнику,551,"Головна → олівець біля Сніданку, поле внизу екрана",«Надіслати» і одразу Видалити рядка.,Не додаток вилетів,,
27. Олівець на прийомі — написати помічнику,552,"Головна → олівець біля Сніданку, поле внизу екрана",«Надіслати» і одразу +.,"Стек живий або блокується, не додаток вилетів",,
"28. Дзвінок, згорнути, вимкнути інтернет посеред дії",553,"Той екран, де зараз іде завантаження / запис / аналіз",Зйомка потім одразу Головна.,"Після повернення: результат або помилка, камера жива, немає чорного екрана",,
"28. Дзвінок, згорнути, вимкнути інтернет посеред дії",554,"Той екран, де зараз іде завантаження / запис / аналіз",Скан потім Головна.,Можна сканувати далі,,
"28. Дзвінок, згорнути, вимкнути інтернет посеред дії",555,"Той екран, де зараз іде завантаження / запис / аналіз",«Надіслати» потім Головна потім AI.,"Повідомлення з’явилось або Помилка, «Надіслати» знову можна",,
"28. Дзвінок, згорнути, вимкнути інтернет посеред дії",556,"Той екран, де зараз іде завантаження / запис / аналіз",«Надіслати» потім Головна.,Після олівця список консистентний,,
"28. Дзвінок, згорнути, вимкнути інтернет посеред дії",557,"Той екран, де зараз іде завантаження / запис / аналіз",Напис «Розпізнавання...» потім змахни повністю закрий додаток.,"Перезапуск, запису немає, наступна зйомка ок",,
"28. Дзвінок, згорнути, вимкнути інтернет посеред дії",558,"Той екран, де зараз іде завантаження / запис / аналіз",«Надіслати» потім повністю закрий додаток.,Після входу історія без «завислого sending»; повтор не дублює сліпо,,
"28. Дзвінок, згорнути, вимкнути інтернет посеред дії",559,"Той екран, де зараз іде завантаження / запис / аналіз",Йде слухання потім вхідний дзвінок.,Додаток не вилетів; після дзвінка мікрофон можна знову,,
"28. Дзвінок, згорнути, вимкнути інтернет посеред дії",560,"Той екран, де зараз іде завантаження / запис / аналіз",Штрихкод/фото потім дзвінок.,Сесія камери після повернення restart,,
"28. Дзвінок, згорнути, вимкнути інтернет посеред дії",561,"Той екран, де зараз іде завантаження / запис / аналіз","Шторка, яскравість, назад.",Превʼю на місці,,
"28. Дзвінок, згорнути, вимкнути інтернет посеред дії",562,"Той екран, де зараз іде завантаження / запис / аналіз",Залочити на заставці з авокадо.,"Після відкриття значка перше налаштування/Головна, не завислий заставка з авокадо",,
"28. Дзвінок, згорнути, вимкнути інтернет посеред дії",563,"Той екран, де зараз іде завантаження / запис / аналіз",«Голосовий запис» йде слухання потім блокування екрана.,"Запис стоп, додаток не вилетів",,
"28. Дзвінок, згорнути, вимкнути інтернет посеред дії",564,"Той екран, де зараз іде завантаження / запис / аналіз",Зроби так: Lock під час чату надіслати.,Після відкриття значка відповідь або не спрацює,,
"28. Дзвінок, згорнути, вимкнути інтернет посеред дії",565,"Той екран, де зараз іде завантаження / запис / аналіз","Відкрий багато програм, повернутись на Bity на камері.",Камера не «мертва»,,
"28. Дзвінок, згорнути, вимкнути інтернет посеред дії",566,"Той екран, де зараз іде завантаження / запис / аналіз",Утримувати збоку кнопка на Головній.,Після Siri Головна клікабельний,,
"28. Дзвінок, згорнути, вимкнути інтернет посеред дії",567,"Той екран, де зараз іде завантаження / запис / аналіз",Баннер іншої додатку на камері.,Тап/свайп банера не вбиває скан,,
"28. Дзвінок, згорнути, вимкнути інтернет посеред дії",568,"Той екран, де зараз іде завантаження / запис / аналіз",«Голосовий запис» log і чат мікрофон у AirPods.,Транскрипт є,,
"28. Дзвінок, згорнути, вимкнути інтернет посеред дії",569,"Той екран, де зараз іде завантаження / запис / аналіз",Навушники потім динамік середині запису.,Не додаток вилетів,,
"28. Дзвінок, згорнути, вимкнути інтернет посеред дії",570,"Той екран, де зараз іде завантаження / запис / аналіз","Switch Ring/Silent, запиши штрихкод.","Haptic може бути, звуку камери за політикою iOS",,
"28. Дзвінок, згорнути, вимкнути інтернет посеред дії",571,"Той екран, де зараз іде завантаження / запис / аналіз","Увімкнути, фото-аналіз + чат.","Працює, може бути повільніше",,
"28. Дзвінок, згорнути, вимкнути інтернет посеред дії",572,"Той екран, де зараз іде завантаження / запис / аналіз","Вимкнути Wi‑Fi, погана мережа, пошук і чат.","Лоадер, не вічний freeze; можна «Скасувати»/«Назад»",,
"28. Дзвінок, згорнути, вимкнути інтернет посеред дії",573,"Той екран, де зараз іде завантаження / запис / аналіз",Wi‑Fi вимкнено під час chat надіслати.,"Помилка, повтор після on",,
"28. Дзвінок, згорнути, вимкнути інтернет посеред дії",574,"Той екран, де зараз іде завантаження / запис / аналіз",Чат і штрихкод пошук продукту.,"Або ок, або зрозуміла помилка",,
"28. Дзвінок, згорнути, вимкнути інтернет посеред дії",575,"Той екран, де зараз іде завантаження / запис / аналіз",Повернути телефон landscape.,Превʼю портретне (код лочить rotation) або не роз’їжджається,,
"28. Дзвінок, згорнути, вимкнути інтернет посеред дії",576,"Той екран, де зараз іде завантаження / запис / аналіз",Landscape.,Layout не ламає ряд кнопок внизу / або лок портрета,,
"28. Дзвінок, згорнути, вимкнути інтернет посеред дії",577,"Той екран, де зараз іде завантаження / запис / аналіз",Зроби так: Ротація на вікні знизу екран зі списком страв (олівець).,Шит живий,,
"28. Дзвінок, згорнути, вимкнути інтернет посеред дії",578,"Той екран, де зараз іде завантаження / запис / аналіз",Якщо планшет: Slide Over / Split з Bity.,"Адаптив, не чорний",,
"28. Дзвінок, згорнути, вимкнути інтернет посеред дії",579,"Той екран, де зараз іде завантаження / запис / аналіз",«Пошук» і чат.,Enter = пошук/надіслати або новий рядок — нотувати,,
"28. Дзвінок, згорнути, вимкнути інтернет посеред дії",580,"Той екран, де зараз іде завантаження / запис / аналіз",Мікрофон на keyboard у пошук.,Текст у полі,,
"28. Дзвінок, згорнути, вимкнути інтернет посеред дії",581,"Той екран, де зараз іде завантаження / запис / аналіз",Вставити куряча грудка.,Пошук після невелика пауза після друку,,
"28. Дзвінок, згорнути, вимкнути інтернет посеред дії",582,"Той екран, де зараз іде завантаження / запис / аналіз",Довгий абзац меню.,«Надіслати» не додаток вилетів,,
"28. Дзвінок, згорнути, вимкнути інтернет посеред дії",583,"Той екран, де зараз іде завантаження / запис / аналіз",Довгий натисни на хмарка повідомлення якщо вміє.,"Або системне copy, або немає — нотувати",,
"28. Дзвінок, згорнути, вимкнути інтернет посеред дії",584,"Той екран, де зараз іде завантаження / запис / аналіз","Головна, камера, чат.",Додаток не вилетів,,
"28. Дзвінок, згорнути, вимкнути інтернет посеред дії",585,"Той екран, де зараз іде завантаження / запис / аналіз","Увімкнути запис, пройти вікно «Записати прийом» (чотири кнопки).",Додаток не вилетів (рамка запису екрана ок),,
"28. Дзвінок, згорнути, вимкнути інтернет посеред дії",586,"Той екран, де зараз іде завантаження / запис / аналіз",Дуже повільна мережа 30+ с.,Екран знову клікабельний,,
"28. Дзвінок, згорнути, вимкнути інтернет посеред дії",587,"Той екран, де зараз іде завантаження / запис / аналіз",Двічі натисни кадр фото.,Один аналіз,,
"28. Дзвінок, згорнути, вимкнути інтернет посеред дії",588,"Той екран, де зараз іде завантаження / запис / аналіз",Фото йде розпізнавання потім «Закрити».,"Повернення назад, наступне відкриття камери чисте",,
"28. Дзвінок, згорнути, вимкнути інтернет посеред дії",589,"Той екран, де зараз іде завантаження / запис / аналіз",Чат «Надіслати» потім вкладка Головна потім AI.,Немає дубля повідомлення,,
"28. Дзвінок, згорнути, вимкнути інтернет посеред дії",590,"Той екран, де зараз іде завантаження / запис / аналіз",Натисни віджета поки відкритий штрихкод.,"Додаток на передній план, не додаток вилетів",,
"29. Фото з галереї (звичайне, Live, скрін)",591,Галерея телефону з екрана камери або чату,Галерея фото-камері AI.,Аналіз ок,,
"29. Фото з галереї (звичайне, Live, скрін)",592,Галерея телефону з екрана камери або чату,Фото етикетки з кодом.,«Знайти» ок,,
"29. Фото з галереї (звичайне, Live, скрін)",593,Галерея телефону з екрана камери або чату,Зроби так: звичайне фото з айфона у чат attach.,Фото повідомлення + аналіз,,
"29. Фото з галереї (звичайне, Live, скрін)",594,Галерея телефону з екрана камери або чату,Зроби так: звичайне фото з айфона у екран зі списком страв (олівець).,Рядок з’являється,,
"29. Фото з галереї (звичайне, Live, скрін)",595,Галерея телефону з екрана камери або чату,Спереду/збоку з галереї звичайне фото з айфона.,Крок 2 / фініш,,
"29. Фото з галереї (звичайне, Live, скрін)",596,Галерея телефону з екрана камери або чату,Вибери Live як фото.,"Береться звичайне фото, не відео, аналіз ок",,
"29. Фото з галереї (звичайне, Live, скрін)",597,Галерея телефону з екрана камери або чату,Кнопка скріпки біля поля Файли потім картинка PNG їжі.,Приймає,,
"29. Фото з галереї (звичайне, Live, скрін)",598,Галерея телефону з екрана камери або чату,Зроби так: звичайне фото JPEG зі Файли.,Приймає,,
"29. Фото з галереї (звичайне, Live, скрін)",599,Галерея телефону з екрана камери або чату,Файли не-jpeg якщо вдасться.,"Або аналіз, або повідомлення, що це не фото — не додаток вилетів",,
"29. Фото з галереї (звичайне, Live, скрін)",600,Галерея телефону з екрана камери або чату,Зроби так: файл PDF у Файли.,"Помилка повідомлення, що це не фото",,
"29. Фото з галереї (звичайне, Live, скрін)",601,Галерея телефону з екрана камери або чату,Галерея — відео не в images filter.,Не обирається,,
"29. Фото з галереї (звичайне, Live, скрін)",602,Галерея телефону з екрана камери або чату,Галерея фото страви.,"Можна одне фото, не пачку",,
"29. Фото з галереї (звичайне, Live, скрін)",603,Галерея телефону з екрана камери або чату,Відкрий галерея потім «Скасувати».,Камера/чат як були,,
"29. Фото з галереї (звичайне, Live, скрін)",604,Галерея телефону з екрана камери або чату,"Налаштування телефону потім Фото потім Вибрані фото, дати 0, потім галерея.","Вікно вибору порожній/обмежений, не додаток вилетів",,
"29. Фото з галереї (звичайне, Live, скрін)",605,Галерея телефону з екрана камери або чату,Після доступ лише до вибраних фото дати конкретний альбом.,Наступний вікно вибору бачить,,
"29. Фото з галереї (звичайне, Live, скрін)",606,Галерея телефону з екрана камери або чату,Навести QR-код (URL/текст).,Скан може зчитати QR-код; пошук продукту продукту ймовірно не спрацює у підказка — не додаток вилетів,,
"29. Фото з галереї (звичайне, Live, скрін)",607,Галерея телефону з екрана камери або чату,Короткий код на пачці.,«Знайти» або помилка «не знайдено»,,
"29. Фото з галереї (звичайне, Live, скрін)",608,Галерея телефону з екрана камери або чату,Якщо є.,Скан,,
"29. Фото з галереї (звичайне, Live, скрін)",609,Галерея телефону з екрана камери або чату,Зроби так: Порваний/блік код.,"Немає фейкового продукту, можна ще раз",,
"29. Фото з галереї (звичайне, Live, скрін)",610,Галерея телефону з екрана камери або чату,Галерея скрін штрихкода.,Камера знаходить код або помилка,,
"29. Фото з галереї (звичайне, Live, скрін)",611,Галерея телефону з екрана камери або чату,Обидва в фото страви.,Обидва аналізуються,,
"29. Фото з галереї (звичайне, Live, скрін)",612,Галерея телефону з екрана камери або чату,Дуже важке і дуже дрібне.,Немає пам’ять додаток вилетів,,
30. Великий шрифт і озвучення кнопок,613,"Налаштування телефону → Універсальний доступ, потім додаток","Увімкнути озвучення кнопок (для незрячих), пройти кільця, +, вода, олівець.","Усі кнопки озвучені, можна запиши пошук",,
30. Великий шрифт і озвучення кнопок,614,"Налаштування телефону → Універсальний доступ, потім додаток",Екран «Вітаємо в Bity» потім «Далі».,Картки цілі вибираються,,
30. Великий шрифт і озвучення кнопок,615,"Налаштування телефону → Універсальний доступ, потім додаток","Поле, «Надіслати», чіпи, історія.",Можна відправити фразу,,
30. Великий шрифт і озвучення кнопок,616,"Налаштування телефону → Універсальний доступ, потім додаток",Штрихкод.,"«Закрити» / ліхтарик / ввести вручну доступні, не не застрягає",,
30. Великий шрифт і озвучення кнопок,617,"Налаштування телефону → Універсальний доступ, потім додаток",Після тесту вимкнено.,Екран звичайний,,
30. Великий шрифт і озвучення кнопок,618,"Налаштування телефону → Універсальний доступ, потім додаток","Універсальний доступ потім Зменшити рух on, екран «Вітаємо в Bity» рухома картинка, екран «Розраховуємо», смужка сканування, конфеті.",Додаток не зависає; анімації коротші або грають,,
30. Великий шрифт і озвучення кнопок,619,"Налаштування телефону → Універсальний доступ, потім додаток",Зроби так: Bold Текст.,Кнопки не обрізані,,
30. Великий шрифт і озвучення кнопок,620,"Налаштування телефону → Універсальний доступ, потім додаток",Зроби так: Increase Contrast.,Текст читабельний світла тема і темна тема,,
30. Великий шрифт і озвучення кнопок,621,"Налаштування телефону → Універсальний доступ, потім додаток",Зроби так: Button Shapes.,Тапи площею ок,,
30. Великий шрифт і озвучення кнопок,622,"Налаштування телефону → Універсальний доступ, потім додаток",Зроби так: On/Off Labels.,Степпери води зрозумілі,,
30. Великий шрифт і озвучення кнопок,623,"Налаштування телефону → Універсальний доступ, потім додаток","Найбільший шрифт, Головна + екран «додати в щоденник» + чат.","Скрол, нічого не під ряд кнопок внизу намертво",,
30. Великий шрифт і озвучення кнопок,624,"Налаштування телефону → Універсальний доступ, потім додаток",Найменший.,Читабельно,,
30. Великий шрифт і озвучення кнопок,625,"Налаштування телефону → Універсальний доступ, потім додаток",Зроби так: Zoom / Larger Текст.,Відступи від вирізу екрана,,
30. Великий шрифт і озвучення кнопок,626,"Налаштування телефону → Універсальний доступ, потім додаток","Головна, камера.",Камера не інвертить критично / терпимо,,
30. Великий шрифт і озвучення кнопок,627,"Налаштування телефону → Універсальний доступ, потім додаток",Кільця макросів все одно зрозумілі (підписи є).,Не лише колір,,
30. Великий шрифт і озвучення кнопок,628,"Налаштування телефону → Універсальний доступ, потім додаток",Натисни + через AssistiveTouch.,Працює,,
30. Великий шрифт і озвучення кнопок,629,"Налаштування телефону → Універсальний доступ, потім додаток","IPhone, свайп смужка внизу екрана.",Шит/вкладки внизу не ламаються,,
30. Великий шрифт і озвучення кнопок,630,"Налаштування телефону → Універсальний доступ, потім додаток",За бажанням.,Не обов’язково блокує реліз,,
31. Дата і час на телефоні,631,"Налаштування телефону → Дата і час, потім додаток","Запиши їжу, змінити час пристрою на 00:05 наступного дня, відкрий додаток.","Головна «сьогодні» порожній, вчорашнє не в кільцях",,
31. Дата і час на телефоні,632,"Налаштування телефону → Дата і час, потім додаток",Після рядок 631 повернути дату.,Вчорашні записи знову на Головній,,
31. Дата і час на телефоні,633,"Налаштування телефону → Дата і час, потім додаток","Налаштування потім Дата і час потім часовий пояс, не чіпати «сьогодні» лог.",День не дублюється хаотично. Нотувати,,
31. Дата і час на телефоні,634,"Налаштування телефону → Дата і час, потім додаток",Постав дату переходу на літній час.,"Додаток не вилетів, нагадування не в минулому слоті дублем",,
31. Дата і час на телефоні,635,"Налаштування телефону → Дата і час, потім додаток",Формат часу системи.,Дати в зверху екрана/значках читабельні,,
31. Дата і час на телефоні,636,"Налаштування телефону → Дата і час, потім додаток",Формат числа і дати.,Ккал і дати з комою/крапкою не ламають поля ваги,,
31. Дата і час на телефоні,637,"Налаштування телефону → Дата і час, потім додаток","72,5 у «Записати вагу».","Приймає (код міняє, на.)",,
31. Дата і час на телефоні,638,"Налаштування телефону → Дата і час, потім додаток",Weekend Warrior: Сб/Нд.,"Weekday 1 і 7 = неділя/субота григоріанські, не «пн-вт»",,
31. Дата і час на телефоні,639,"Налаштування телефону → Дата і час, потім додаток",Запиши їжу до 09:00.,Прогрес Early Bird,,
31. Дата і час на телефоні,640,"Налаштування телефону → Дата і час, потім додаток",Перший лог о 10:00.,Цей день не значок «рання пташка»,,
31. Дата і час на телефоні,641,"Налаштування телефону → Дата і час, потім додаток",Уся їжа до 21:00.,День рахується,,
31. Дата і час на телефоні,642,"Налаштування телефону → Дата і час, потім додаток",Щось після 21:00.,День не йде в No Late Перекуси,,
31. Дата і час на телефоні,643,"Налаштування телефону → Дата і час, потім додаток",Дата +7 днів.,На Головній сьогодні немає; кільця сьогоднішні чисті,,
31. Дата і час на телефоні,644,"Налаштування телефону → Дата і час, потім додаток",Зроби так: Змінити дата ваги вчора.,«Зберегти» без помилки,,
31. Дата і час на телефоні,645,"Налаштування телефону → Дата і час, потім додаток",Зроби так: Тренування дата завтра.,«Зберегти» ок,,
31. Дата і час на телефоні,646,"Налаштування телефону → Дата і час, потім додаток",Далеко в 2018 і 2030.,Не додаток вилетів,,
32. Нагадування,647,Екран блокування або шторка сповіщень,"Дозвіл Дозволити, час сніданок 08:00 (підкрутити годинник).",Баннер з локалізованим title/body,,
32. Нагадування,648,Екран блокування або шторка сповіщень,Тап.,"Відкривається Bity (останній вкладка / Головна), не додаток вилетів",,
32. Нагадування,649,Екран блокування або шторка сповіщень,Натисни з екран блокування.,Розблокувати потім додаток,,
32. Нагадування,650,Екран блокування або шторка сповіщень,Сидіти в апці на 08:00.,Баннера може не бути — це ок; нотувати,,
32. Нагадування,651,Екран блокування або шторка сповіщень,Фокусування on.,Може не показатись — Пропустила якщо Фокусування,,
32. Нагадування,652,Екран блокування або шторка сповіщень,Підкрутити час на кожен слот.,"Різний текст, не один і той самий",,
32. Нагадування,653,Екран блокування або шторка сповіщень,Немає нотифікацій.,Повторно не спамить промпт,,
32. Нагадування,654,Екран блокування або шторка сповіщень,Зроби так: Налаштування потім Bity потім Сповіщення вимкнено потім on.,Після on можуть знову плануватись на коли знову відкрила додаток,,
32. Нагадування,655,Екран блокування або шторка сповіщень,Подивитись icon.,Так і має бути: значка числа може не бути,,
32. Нагадування,656,Екран блокування або шторка сповіщень,"Перезавантажити iPhone, дочекатись слота.",Нотифікація все ще приходить,,
33. Додаток Здоров’я,657,Додаток Здоров’я і цей додаток,«Далі» Здоров’я потім Дозволити all.,Далі ланцюжок екранів,,
33. Додаток Здоров’я,658,Додаток Здоров’я і цей додаток,Лог води 150 в Bity.,У Здоров’я Dietary Вода з’явився приклад,,
33. Додаток Здоров’я,659,Додаток Здоров’я і цей додаток,Лог продукту.,Харчування калорії в Здоров’я,,
33. Додаток Здоров’я,660,Додаток Здоров’я і цей додаток,«Записати вагу» 70 kg.,Зріст і вага Mass,,
33. Додаток Здоров’я,661,Додаток Здоров’я і цей додаток,«Записати тренування».,Тренування з ккал,,
33. Додаток Здоров’я,662,Додаток Здоров’я і цей додаток,"рядок 658, згорнути, повернутись.",На Головній не +150 вдруге,,
33. Додаток Здоров’я,663,Додаток Здоров’я і цей додаток,"Випити в Здоров’я / Вода додаток, відкрий Bity.","Головна вода зросла, очки нагород за цей імпорт немає",,
33. Додаток Здоров’я,664,Додаток Здоров’я і цей додаток,Додати вагу в Здоров’я.,«Записати вагу» екран/прогрес бачить; профіль вагу може оновитись,,
33. Додаток Здоров’я,665,Додаток Здоров’я і цей додаток,"Здоров’я у lb, Bity слайдер kg.",Числа консистентні після конверсії,,
33. Додаток Здоров’я,666,Додаток Здоров’я і цей додаток,Тренування з Watch/Здоров’я.,"Спалені калорії на Головній зріс, додаток не вилетів",,
33. Додаток Здоров’я,667,Додаток Здоров’я і цей додаток,Якщо є харчування samples.,"Рядок на Головній з позначкою зі Здоров’я, без очок нагород",,
33. Додаток Здоров’я,668,Додаток Здоров’я і цей додаток,"Видали water приклад в Здоров’я, коли знову відкрила додаток Bity.",Локальний запис з цим приклад id зникає,,
33. Додаток Здоров’я,669,Додаток Здоров’я і цей додаток,Після рядок 658 −.,Здоров’я приклад теж прибирається (deleteSamples),,
33. Додаток Здоров’я,670,Додаток Здоров’я і цей додаток,Перше налаштування пропустити Здоров’я; після головний екран коли знову відкрила додаток може спитати ще раз (якщо вже питав раніше).,Нотувати скільки разів система питала дозвіл,,
33. Додаток Здоров’я,671,Додаток Здоров’я і цей додаток,Якщо це не справжній телефон — пропусти цей рядок.,"Додаток не вилетів, синхронізація пропустити",,
33. Додаток Здоров’я,672,Додаток Здоров’я і цей додаток,"Turn вимкнено Bity in Здоров’я, запиши воду.","Додаток жива, write може не спрацює тихо",,
33. Додаток Здоров’я,673,Додаток Здоров’я і цей додаток,Вага в Здоров’я 20 днів тому.,Не імпортується (вікно 14 днів),,
"34. Клітковина, цукор, сіль",674,"Головна, погортай кружечки вліво (друга картка)","Новий день, картка 2.",Клітковина / цукор / сіль 0 / ціль,,
"34. Клітковина, цукор, сіль",675,"Головна, погортай кружечки вліво (друга картка)",Запиши вівсянку / ягоди / бобові (пошук або чат вівсянка 80г).,"Fiber > 0, ближче до цілі",,
"34. Клітковина, цукор, сіль",676,"Головна, погортай кружечки вліво (друга картка)",Кола або цукерка баркодом.,Sugar зріс,,
"34. Клітковина, цукор, сіль",677,"Головна, погортай кружечки вліво (друга картка)",Чіпси / суп / сільований продукт.,Sodium зріс (на Головній в грамах від мг),,
"34. Клітковина, цукор, сіль",678,"Головна, погортай кружечки вліво (друга картка)",Відкрий деталі після штрихкоду.,Є рядки харчування; після «Додати» картка Головна збігається порядком,,
"34. Клітковина, цукор, сіль",679,"Головна, погортай кружечки вліво (друга картка)",Фото страви потім Деталі.,Клітковина / цукор / сіль якщо модель дала,,
"34. Клітковина, цукор, сіль",680,"Головна, погортай кружечки вліво (друга картка)",Екран «додати в щоденник» натисни + щоб стало 2 порції.,Мікронутрити ×2,,
"34. Клітковина, цукор, сіль",681,"Головна, погортай кружечки вліво (друга картка)",Зменшити г.,Клітковина / цукор / сіль пропорційно,,
"34. Клітковина, цукор, сіль",682,"Головна, погортай кружечки вліво (друга картка)",Багато солодкого.,"Значення > цілі, додаток не вилетів",,
"34. Клітковина, цукор, сіль",683,"Головна, погортай кружечки вліво (друга картка)",Після рядок 676 скільки цукру я вже з'їв?.,Відповідь близько до картки 2,,
35. Свайпи і жести,684,Різні екрани додатку,«Пошук» потім ребром екрана назад.,Головна,,
35. Свайпи і жести,685,Різні екрани додатку,Штрихкод потім змахни.,"Головна, сесія стоп",,
35. Свайпи і жести,686,Різні екрани додатку,Вниз.,Дізміс,,
35. Свайпи і жести,687,Різні екрани додатку,Вниз посеред списку.,Дізміс,,
35. Свайпи і жести,688,Різні екрани додатку,Зроби так: Проведи пальцем об’єм склянки.,Закривається без збереження,,
35. Свайпи і жести,689,Різні екрани додатку,Зроби так: Проведи пальцем change дата.,Без зміни дати,,
35. Свайпи і жести,690,Різні екрани додатку,Зроби так: сіру рисочку зверху вікна натисни.,Нічого критичного,,
35. Свайпи і жести,691,Різні екрани додатку,На Головній ще раз Головна.,Не дублює VC,,
35. Свайпи і жести,692,Різні екрани додатку,Якщо є.,Повернення назад,,
35. Свайпи і жести,693,Різні екрани додатку,В полі пошук набрати і shake.,"IOS undo, додаток жива",,
35. Свайпи і жести,694,Різні екрани додатку,Над клавіатурою в чаті.,Не ховає «Надіслати» назавжди,,
35. Свайпи і жести,695,Різні екрани додатку,Явлуко потім яблуко в пошук.,Пошук по виправленому після apply,,
35. Свайпи і жести,696,Різні екрани додатку,В чат 🥗.,«Надіслати» ок,,
35. Свайпи і жести,697,Різні екрани додатку,Зроби так: Memoji stickers.,"Або як зображення не спрацює, або текст — не додаток вилетів",,
35. Свайпи і жести,698,Різні екрани додатку,Шукати Bity.,Відкриває додаток,,
35. Свайпи і жести,699,Різні екрани додатку,Зроби так: App Library / «Пошук».,Відкриває,,
35. Свайпи і жести,700,Різні екрани додатку,Відкрий Bity.,Якщо додаток уже налаштований на вкладках,,
35. Свайпи і жести,701,Різні екрани додатку,Якщо можеш.,"Вікно з повідомленням iOS, додаток не тихо падає на фото",,
35. Свайпи і жести,702,Різні екрани додатку,Вручну дата.,Щоденник по системній «сьогодні»,,
35. Свайпи і жести,703,Різні екрани додатку,"Українська мова телефону потім англійська мова телефону без повністю закрий додаток, потім повністю закрий додаток.",Після повністю закрий додаток усі стрінги нові,,
36. Сніданок / обід / вечеря різними способами,704,Головна і кнопка +,Метод: вікно «Записати прийом» (чотири кнопки) (очікувано завжди Перекуси). Сніданок=не застосовується — має впасти в Перекуси; Обід=не застосовується; Перекуси=Так; Вечеря=не застосовується.,Екран виглядає нормально. Додаток не вилетів і не зависає.,,
36. Сніданок / обід / вечеря різними способами,705,Головна і кнопка +,Метод: екран «додати в щоденник» прийом кнопки прийому після штрихкоду. Сніданок=Так; Обід=Так; Перекуси=Так; Вечеря=Так.,Екран виглядає нормально. Додаток не вилетів і не зависає.,,
36. Сніданок / обід / вечеря різними способами,706,Головна і кнопка +,Метод: екран «додати в щоденник» після фото. Сніданок=Так; Обід=Так; Перекуси=Так; Вечеря=Так.,Екран виглядає нормально. Додаток не вилетів і не зависає.,,
36. Сніданок / обід / вечеря різними способами,707,Головна і кнопка +,Метод: екран «додати в щоденник» після голосу. Сніданок=Так; Обід=Так; Перекуси=Так; Вечеря=Так.,Екран виглядає нормально. Додаток не вилетів і не зависає.,,
36. Сніданок / обід / вечеря різними способами,708,Головна і кнопка +,Метод: екран зі списком страв (олівець) + пошук. Сніданок=Так; Обід=Так; Перекуси=Так; Вечеря=Так.,Екран виглядає нормально. Додаток не вилетів і не зависає.,,
36. Сніданок / обід / вечеря різними способами,709,Головна і кнопка +,Метод: Чат з явною назвою прийому. Сніданок=«на сніданок …»; Обід=«на обід …»; Перекуси=«снек …»; Вечеря=«на вечерю …».,Екран виглядає нормально. Додаток не вилетів і не зависає.,,
37. Увімкнути камеру в Налаштуваннях телефону,710,Налаштування телефону → цей додаток → дозволи,Відхилити на баркоді потім Налаштування потім Bity потім Камера on потім повернутись.,Камера запрацювала без реінсталу,,
37. Увімкнути камеру в Налаштуваннях телефону,711,Налаштування телефону → цей додаток → дозволи,«Голосовий запис» потім Налаштування мікрофон on.,Запис ок,,
37. Увімкнути камеру в Налаштуваннях телефону,712,Налаштування телефону → цей додаток → дозволи,Галерея потім Налаштування.,Вікно вибору бачить фото,,
37. Увімкнути камеру в Налаштуваннях телефону,713,Налаштування телефону → цей додаток → дозволи,"Налаштування Сповіщення on, коли знову відкрила додаток Bity.",Слоти можуть з’явитись,,
37. Увімкнути камеру в Налаштуваннях телефону,714,Налаштування телефону → цей додаток → дозволи,Якщо є.,Зрозуміла помилка,,
37. Увімкнути камеру в Налаштуваннях телефону,715,Налаштування телефону → цей додаток → дозволи,Якщо це не справжній телефон — пропусти цей рядок фото/штрихкод.,"CameraUnavailable alert, не чорний екран",,
37. Увімкнути камеру в Налаштуваннях телефону,716,Налаштування телефону → цей додаток → дозволи,Українська мова телефону мова.,Текст дозволу тексти з українського файлу додатку,,
38. Один звичайний день підряд,717,"Додаток з ранку до вечора, не видаляючи дані","Перше налаштування (якщо треба), вода +, чат вівсянка, early година.","Сніданок, вода, очки нагород, значок «рання пташка» якщо <9",,
38. Один звичайний день підряд,718,"Додаток з ранку до вечора, не видаляючи дані",Вікно «Записати прийом» (чотири кнопки) штрихкод батончика.,Перекуси +1,,
38. Один звичайний день підряд,719,"Додаток з ранку до вечора, не видаляючи дані",«Сканувати їжу» тарілки потім «Додати» потім Обід кнопка прийому.,"Обід, білки / жири / вуглеводи, клітковина якщо є",,
38. Один звичайний день підряд,720,"Додаток з ранку до вечора, не видаляючи дані",Чат замінити гарнір потім «Застосувати».,Ккал зміна,,
38. Один звичайний день підряд,721,"Додаток з ранку до вечора, не видаляючи дані","Олівець Обід потім порція, додай огірок, видалити один рядок.",Головна збіг,,
38. Один звичайний день підряд,722,"Додаток з ранку до вечора, не видаляючи дані","Склянка 250, +×2, чат 500 мл «Підтвердити», −.",Останній знявся 500,,
38. Один звичайний день підряд,723,"Додаток з ранку до вечора, не видаляючи дані","Вага, прогулянка 30 хв 200 ккал, фото спереду+збоку.","Спалені калорії, очки нагород, фото steps",,
38. Один звичайний день підряд,724,"Додаток з ранку до вечора, не видаляючи дані","«скільки ще ккал», підказки страви, «Записати» вечерю.","Залишок калорій, Вечеря",,
38. Один звичайний день підряд,725,"Додаток з ранку до вечора, не видаляючи дані",Якщо ще треба.,Вечеря рядки,,
38. Один звичайний день підряд,726,"Додаток з ранку до вечора, не видаляючи дані","Відкрити, натисни значок.",Прогрес не 0 після дня,,
38. Один звичайний день підряд,727,"Додаток з ранку до вечора, не видаляючи дані","Додати, подивитись числа проти Головна.",Збіг або відомий lag оновлення віджета,,
38. Один звичайний день підряд,728,"Додаток з ранку до вечора, не видаляючи дані","Вбити, відкрий.",Усе на місці,,
38. Один звичайний день підряд,729,"Додаток з ранку до вечора, не видаляючи дані","Зміни тему і мову, повністю закрий додаток.","Немає ключів, контраст",,
38. Один звичайний день підряд,730,"Додаток з ранку до вечора, не видаляючи дані","Режим польоту (без інтернету), чат і пошук.",Fail м’яко; логи локальні (вода +) ок,,
38. Один звичайний день підряд,731,"Додаток з ранку до вечора, не видаляючи дані",Підкрутити серія днів 21:00.,"Баннер, натисни відкриває додаток",,
